no,group1,group2,sc0,sc1,sc2_1,sc3,q2_a1,q2_1b_1,q2_1b_2,q2_a2,q2_2b_1,q2_2b_2,q2_a3,q2_3b_1,q2_3b_2,q2_4_1,q2_4_2,q1_1,q1_2,q1_3,q1_4,q1_5,q1_6,q1_7,q1_8,q3_1,q3_2,q4_1_1,q4_1_2,q4_1_3,q4_2_1,q4_2_2,q4_2_3,q5_1,q5_2,q5_3,q5_4,q5_5,q5_6,q5_7,q5_8,q5_9,q5_10,q5_11,q5_12,q6_1,q6_2,q6_3,q6_4,sq1_1,sq1_2,sq1_3,sq1_4,sq1_5,sq1_6,sq1_7,sq1_8
1,1,1,1,1,26,2,8,,,1,1,0,7,0,30,11,0,5,2,4,4,3,4,1,4,5,5,7,7,7,7,7,6,4,3,3,1,1,1,4,4,3,1,2,1,5,6,6,5,5,4,4,4,1,4,4,4
2,5,1,1,2,29,2,8,,,8,,,2,0,10,3,0,3,3,3,3,3,3,3,3,2,2,6,6,6,4,4,3,2,2,2,2,2,2,2,2,2,2,2,2,3,3,4,2,2,4,2,4,4,2,4,2
3,1,1,1,1,26,2,8,,,1,1,0,7,0,30,12,0,4,1,3,1,1,4,1,4,5,5,7,7,7,6,7,7,5,4,3,1,1,1,4,3,4,1,2,1,6,6,5,5,5,4,4,4,1,3,1,4
5,1,1,1,1,29,2,5,1,0,5,1,0,3,1,0,3,0,3,3,3,3,3,3,3,3,4,4,5,5,5,5,5,5,3,3,3,3,3,3,3,3,3,3,3,3,4,4,4,4,4,2,3,3,2,4,2,4
6,5,,1,2,29,2,8,,,8,,,7,1,0,3,0,4,2,4,2,4,2,4,2,4,2,5,3,4,4,3,4,5,2,3,3,4,3,4,2,5,2,5,3,4,2,4,2,,,,,,,,
7,1,1,1,1,28,2,4,1,20,3,1,0,1,1,0,5,0,4,4,3,3,2,4,4,3,5,5,5,7,6,7,7,6,4,4,5,4,5,5,5,5,4,4,5,4,4,4,4,4,5,5,4,4,3,4,3,4
8,7,1,1,2,40,2,8,,,1,0,30,5,0,30,3,0,4,1,4,1,1,4,1,4,1,1,7,7,7,7,7,7,5,4,4,1,1,1,5,5,5,1,5,1,7,7,1,1,5,1,5,1,1,5,1,5
9,16,,1,2,54,2,8,,,8,,,8,,,3,0,1,5,1,5,5,1,5,1,1,1,3,4,4,1,1,1,1,1,3,1,1,3,1,1,3,2,1,3,1,1,1,1,,,,,,,,
10,2,,1,1,33,2,8,,,8,,,3,0,30,12,0,2,4,2,4,3,4,3,2,1,1,2,1,2,3,4,2,3,2,2,1,2,2,3,1,4,2,1,2,3,2,2,2,,,,,,,,
11,10,1,1,1,39,2,8,,,8,,,8,,,5,30,3,3,3,3,3,4,3,3,1,1,4,4,4,4,4,4,3,3,3,3,3,3,3,3,3,3,3,3,4,4,4,4,3,3,3,3,3,3,3,3
12,2,,1,1,39,2,8,,,8,,,7,5,0,3,0,3,3,3,3,3,3,3,3,4,4,5,5,5,5,5,5,3,3,3,2,2,3,4,2,4,2,2,2,4,4,4,4,,,,,,,,
13,8,1,1,2,54,2,8,,,5,1,20,7,1,0,5,0,3,3,3,2,3,3,3,4,5,4,6,6,6,4,4,4,3,3,5,5,2,2,3,3,5,4,2,2,5,5,6,4,3,3,4,3,2,4,3,3
14,9,1,1,1,23,2,8,,,8,,,8,,,10,0,1,5,1,5,5,1,5,1,1,1,4,4,4,1,1,1,1,1,1,1,1,1,1,1,4,1,1,1,1,1,1,1,1,5,1,5,5,1,5,1
15,8,1,1,2,58,2,8,,,3,1,30,4,1,0,7,0,3,3,3,2,3,3,3,3,4,4,5,5,5,5,5,5,4,4,4,4,3,4,4,4,4,4,4,4,4,4,4,5,3,2,3,3,3,3,3,3
16,3,1,1,1,49,2,8,,,5,1,0,7,0,30,6,0,3,2,4,2,3,3,2,4,3,3,4,5,6,4,3,4,3,3,4,4,3,2,3,4,4,4,2,2,4,4,4,3,3,3,4,3,2,3,2,4
17,9,1,1,1,26,2,8,,,8,,,8,,,11,0,5,5,5,5,5,5,1,1,1,1,1,1,1,1,1,1,5,5,5,5,5,1,5,5,5,5,5,5,1,1,1,1,1,5,5,5,5,2,5,1
18,11,1,1,1,47,2,8,,,8,,,8,,,15,0,2,4,2,4,4,2,4,2,1,1,4,4,4,3,3,3,2,2,2,1,1,3,2,2,2,1,1,3,2,2,2,2,1,5,1,5,5,2,4,1
19,8,1,1,2,50,2,8,,,8,,,2,0,20,12,0,3,3,3,3,3,3,3,2,1,1,4,4,4,4,4,4,2,2,2,2,2,2,2,2,2,2,2,2,2,2,2,2,3,3,3,3,3,2,4,2
20,11,1,1,1,47,2,8,,,8,,,8,,,5,0,3,3,3,3,3,3,3,3,4,4,4,4,4,5,5,4,2,2,2,2,2,2,2,2,2,3,2,2,3,3,3,3,3,3,3,3,3,3,3,3
21,1,1,1,1,28,2,3,0,50,3,1,0,2,2,0,3,30,2,3,3,3,3,3,3,3,4,4,5,5,5,5,5,5,3,3,3,3,3,1,3,3,3,3,3,3,4,4,4,4,2,3,3,3,4,3,3,3
22,7,1,1,2,47,2,8,,,8,,,5,0,30,6,30,1,4,2,4,4,2,5,1,1,1,3,4,5,2,4,2,1,1,2,2,2,3,1,3,4,2,2,3,2,1,1,1,1,4,2,4,4,2,4,2
23,6,1,1,2,38,2,8,,,5,0,30,7,1,0,10,0,1,1,1,1,1,2,2,2,4,4,7,7,7,2,2,2,3,3,3,3,4,3,2,3,3,3,3,3,5,5,5,5,1,2,2,2,2,2,2,2
24,15,1,1,2,40,2,8,,,8,,,8,,,0,0,3,3,4,3,3,3,3,3,1,1,5,5,5,5,5,5,2,2,3,4,3,3,3,3,3,4,3,3,2,2,2,2,3,3,3,4,3,3,3,3
25,4,1,1,1,59,2,8,,,8,,,5,0,10,4,0,1,3,3,3,4,3,4,2,1,1,2,2,3,2,2,2,1,1,1,1,1,4,2,1,2,1,1,2,1,1,1,1,1,3,2,3,4,2,3,2
26,3,,1,1,49,2,8,,,8,,,5,0,50,8,0,3,3,4,3,2,3,2,3,2,2,5,5,5,4,4,4,3,3,3,2,1,1,3,3,3,2,1,1,4,4,4,4,,,,,,,,
27,9,1,1,1,20,2,8,,,8,,,8,,,0,0,4,2,5,3,3,4,3,3,4,3,5,4,3,3,5,4,4,3,3,3,3,4,2,3,3,4,2,4,4,4,3,3,2,2,2,3,1,2,3,3
28,1,1,1,1,26,2,4,0,30,4,0,30,1,0,20,1,0,1,3,1,1,1,1,4,1,1,1,2,2,2,1,1,1,1,1,1,1,1,4,1,1,1,1,1,3,1,1,1,1,1,4,1,1,5,1,5,1
29,2,1,1,1,33,2,8,,,8,,,1,0,40,2,30,4,2,2,3,3,4,2,3,4,4,5,5,4,5,5,4,4,3,4,4,4,4,4,4,4,5,4,4,5,3,3,5,4,3,4,3,2,4,2,3
30,4,1,1,1,56,2,8,,,8,,,5,1,0,11,0,1,5,2,5,5,1,1,1,1,1,1,1,1,1,1,1,1,1,1,1,1,1,1,1,1,1,1,3,5,1,4,1,1,5,1,5,1,2,5,1
31,4,1,1,1,59,2,2,2,30,8,,,7,1,0,5,0,1,5,1,1,1,1,3,1,1,1,5,5,5,5,5,5,1,1,1,1,1,1,1,1,1,1,1,1,1,1,1,1,1,1,1,1,5,1,5,1
32,3,,1,1,47,2,1,1,10,1,1,10,3,1,20,12,30,4,3,3,3,3,3,2,3,4,4,6,6,6,6,6,6,3,3,4,1,1,2,3,3,4,1,1,1,5,5,5,5,,,,,,,,
33,8,,1,2,50,2,8,,,8,,,3,0,30,0,30,2,2,2,3,3,2,2,2,4,4,4,4,5,4,4,4,3,4,3,3,3,3,3,2,3,3,3,3,4,4,3,4,,,,,,,,
34,3,1,1,1,42,2,2,1,0,1,5,0,1,1,30,12,0,3,2,4,4,3,3,2,3,5,5,7,1,7,7,7,7,3,3,3,2,1,2,2,4,4,4,4,2,4,5,5,4,4,2,3,2,2,4,4,4
35,1,1,1,1,27,2,5,8,10,4,5,30,4,8,10,3,30,1,2,3,3,1,2,3,3,1,3,2,3,2,2,4,4,2,2,3,3,1,2,3,2,4,4,2,2,1,2,3,3,3,1,1,3,2,3,1,2
36,13,,1,2,27,2,8,,,8,,,8,,,0,20,1,1,1,1,1,1,1,1,1,1,1,1,1,1,1,1,3,3,3,3,3,3,3,3,3,3,3,3,3,3,3,3,,,,,,,,
37,6,1,1,2,31,2,8,,,8,,,2,0,30,12,0,1,3,2,2,5,2,4,2,2,2,4,4,5,5,6,6,2,2,2,2,2,2,3,1,4,2,2,2,3,3,2,2,3,4,3,4,4,3,4,3
38,10,1,1,1,38,2,8,,,8,,,8,,,14,0,1,4,3,4,4,2,4,1,1,1,4,4,5,3,3,4,2,1,1,1,1,4,2,1,3,1,1,3,1,1,1,1,2,4,2,4,4,2,4,1
39,3,,1,1,41,2,1,2,0,8,,,7,1,0,8,0,5,1,5,1,1,5,1,4,6,6,7,7,7,7,7,7,5,5,5,2,3,2,5,5,5,1,4,1,7,7,7,6,,,,,,,,
40,5,1,1,2,20,2,8,,,8,,,7,0,40,15,0,4,4,3,4,3,2,4,3,1,1,7,7,7,7,7,7,4,4,4,4,4,4,4,4,4,4,4,4,4,4,4,4,2,4,3,4,4,2,4,3
41,13,1,1,2,26,2,8,,,8,,,8,,,0,0,3,3,3,3,3,3,3,3,4,4,4,4,4,4,4,4,3,3,3,3,3,3,3,3,3,3,3,3,4,4,4,4,3,3,3,3,3,3,3,3
42,3,1,1,1,48,2,8,,,8,,,7,2,0,14,0,2,3,2,3,2,2,4,3,2,3,5,6,6,3,3,5,3,4,4,4,1,1,1,3,4,4,1,1,3,3,3,3,2,3,2,3,4,2,4,2
43,14,,1,2,39,2,8,,,8,,,8,,,1,0,1,3,2,3,3,1,3,2,2,2,6,6,6,6,6,6,3,4,4,4,3,4,4,4,3,4,4,3,3,4,3,3,,,,,,,,
44,3,,1,1,44,2,8,,,1,1,10,2,1,10,6,30,3,3,3,3,3,4,2,3,3,4,4,4,4,4,4,5,3,3,4,3,2,3,4,3,4,2,2,2,2,4,3,4,,,,,,,,
45,8,1,1,2,51,2,8,,,8,,,7,0,20,7,0,2,4,2,4,4,2,4,2,1,1,2,2,2,2,2,2,2,1,2,1,4,4,2,2,3,1,1,4,1,1,1,1,1,5,1,4,4,2,4,2
46,1,,1,1,24,2,1,0,30,8,,,4,0,30,1,0,3,2,4,3,3,4,2,3,5,4,1,1,1,2,1,2,3,3,3,2,1,1,3,3,3,1,2,1,2,2,5,2,,,,,,,,
47,3,1,1,1,45,2,8,,,8,,,4,1,0,10,0,2,4,2,4,4,2,4,2,2,2,3,2,3,2,2,2,2,2,2,2,2,4,2,2,2,2,2,4,2,2,2,2,2,4,2,4,4,2,4,2
48,1,1,1,1,21,2,8,,,2,0,20,2,0,20,2,0,4,4,4,4,4,5,5,4,3,2,6,6,6,5,5,5,4,3,3,3,3,4,3,3,3,3,3,3,4,4,4,4,4,4,4,4,3,5,2,3
50,2,1,1,1,34,2,2,1,30,5,1,0,5,0,40,8,0,2,3,3,3,2,3,3,3,5,4,5,5,5,5,5,5,4,3,3,2,3,3,3,3,3,3,3,2,5,5,5,4,3,3,3,4,2,3,3,3
51,4,1,1,1,59,2,8,,,1,0,10,8,,,15,0,1,5,1,5,5,2,5,1,1,1,4,7,7,1,1,1,1,1,3,5,1,1,1,1,5,5,1,5,1,1,1,1,1,5,1,5,5,1,5,2
52,8,1,1,2,59,2,2,0,30,8,,,3,0,30,9,30,3,4,2,3,4,3,4,3,5,5,5,5,5,3,3,3,3,3,4,4,4,3,2,2,4,4,3,2,4,3,3,3,3,3,3,3,3,3,3,3
53,10,1,1,1,34,2,8,,,8,,,8,,,0,0,3,3,3,3,3,3,3,3,3,3,4,4,4,4,4,4,3,3,3,3,3,3,3,3,3,3,3,3,3,3,3,3,3,3,3,3,3,3,3,3
54,12,,1,1,51,2,8,,,8,,,8,,,4,10,3,3,3,3,3,3,3,2,3,4,4,4,5,5,5,5,3,3,3,3,3,3,3,3,3,3,3,2,3,4,4,4,,,,,,,,
55,2,,1,1,34,2,8,,,3,1,0,2,1,0,12,0,3,2,3,2,3,4,2,3,2,2,3,3,2,2,2,2,4,3,4,4,4,4,4,4,3,2,3,2,2,2,2,3,,,,,,,,
56,6,1,1,2,37,2,8,,,7,2,0,7,2,0,7,0,2,2,4,1,4,4,2,3,2,2,2,2,2,2,2,2,3,2,3,3,1,2,3,1,4,1,1,2,7,7,7,7,3,2,4,2,2,3,2,2
57,8,1,1,2,51,2,8,,,8,,,7,1,30,2,10,3,3,4,3,2,3,2,4,3,2,4,4,3,4,3,5,3,4,4,4,2,2,3,4,4,4,2,1,6,6,7,7,4,3,4,3,2,3,2,4
58,6,,1,2,36,2,8,,,1,0,20,1,0,20,0,20,4,3,4,4,3,4,3,4,4,4,5,5,5,4,5,5,4,4,4,4,3,2,3,4,4,4,4,2,4,4,4,5,,,,,,,,
59,6,1,1,2,33,2,8,,,8,,,7,8,0,9,0,3,3,3,3,3,3,3,3,4,4,1,1,1,1,1,1,3,3,3,3,3,3,3,3,3,3,3,3,4,4,4,4,3,3,3,3,3,3,3,3
60,4,,1,1,53,2,8,,,8,,,5,0,30,10,0,1,1,1,1,5,1,5,1,1,1,1,1,3,1,1,1,1,1,1,1,3,4,1,1,2,2,1,5,1,4,1,1,,,,,,,,
61,10,1,1,1,35,2,8,,,8,,,8,,,6,0,2,3,3,2,3,3,2,2,3,3,6,6,6,5,6,6,4,4,3,3,4,4,3,4,3,4,4,4,6,5,6,5,2,2,3,2,2,4,3,4
62,3,1,1,1,48,2,1,0,30,8,,,5,0,10,6,0,3,3,3,3,3,3,3,3,4,4,5,5,5,5,5,5,3,3,3,3,3,3,3,3,3,3,3,3,4,4,4,4,4,2,3,3,3,3,3,3
63,1,1,1,1,27,2,8,,,1,0,10,1,0,10,6,30,3,4,3,3,3,3,3,3,4,4,5,5,5,4,4,4,3,3,3,3,3,3,3,3,3,3,3,3,4,4,4,4,3,4,2,4,4,2,3,3
64,4,1,1,1,57,2,8,,,8,,,4,0,20,4,0,4,2,4,2,2,3,2,3,3,3,5,5,5,5,5,5,3,3,3,3,3,3,3,3,3,3,3,3,3,3,3,3,4,2,3,3,3,3,3,3
65,1,1,1,1,25,2,8,,,8,,,7,1,30,4,0,1,4,2,4,4,2,4,3,1,1,5,5,5,2,2,1,2,2,2,3,3,2,1,2,4,3,3,2,2,2,2,2,2,4,2,4,3,2,4,3
66,11,,1,1,49,2,8,,,8,,,8,,,7,0,3,3,3,3,3,3,3,3,4,4,4,4,4,4,4,4,1,1,1,2,2,2,2,2,2,2,2,2,3,3,3,3,,,,,,,,
67,6,1,1,2,30,2,8,,,8,,,3,0,40,3,0,2,3,3,3,3,3,2,3,3,3,5,5,5,4,4,3,3,4,3,4,4,2,3,4,4,4,5,4,3,4,3,3,2,3,2,3,3,2,3,3
68,2,1,1,1,33,2,1,1,0,1,1,0,6,2,0,2,0,3,3,3,3,3,3,3,3,2,2,4,4,4,5,5,5,3,3,3,3,3,3,3,3,3,3,3,3,2,3,3,3,3,3,3,3,3,3,3,3
69,9,,1,1,25,2,8,,,8,,,8,,,3,0,4,3,3,3,3,3,3,3,4,4,5,5,4,4,4,4,3,4,4,3,3,3,3,3,3,3,3,3,4,4,4,4,,,,,,,,
70,3,,1,1,44,2,7,0,40,8,,,7,0,30,9,30,4,2,4,1,1,4,1,5,7,7,7,7,7,7,7,7,5,4,5,3,2,1,5,4,5,4,2,1,6,6,6,6,,,,,,,,
71,6,,1,2,32,2,8,,,8,,,4,0,20,16,0,1,2,2,2,3,3,2,3,2,1,1,1,1,1,1,1,3,3,3,3,1,1,3,4,4,3,1,1,2,3,2,1,,,,,,,,
72,12,1,1,1,58,2,8,,,8,,,8,,,7,30,3,2,3,3,2,3,2,3,3,2,4,4,5,3,4,3,3,2,3,3,4,3,2,4,3,3,2,3,5,4,4,4,3,2,4,3,3,3,3,2
73,10,,1,1,38,2,8,,,8,,,8,,,2,0,2,3,3,3,3,3,3,3,3,3,5,5,5,4,4,4,3,3,3,3,3,3,3,3,3,3,3,3,4,5,4,4,,,,,,,,
74,8,,1,2,52,2,8,,,8,,,7,2,0,0,10,1,1,1,1,2,1,4,1,1,2,5,5,5,1,4,3,1,1,3,1,1,2,1,1,1,1,1,3,1,4,2,2,,,,,,,,
75,8,1,1,2,58,2,1,1,0,8,,,8,,,4,0,3,3,2,4,4,2,4,2,2,2,3,6,5,2,3,3,3,2,3,2,2,2,3,2,4,2,4,2,3,2,2,2,2,4,2,4,4,2,4,2
76,1,,1,1,29,2,4,2,0,4,1,0,4,1,0,4,0,5,1,5,1,5,5,1,5,7,7,7,7,7,7,7,7,5,5,5,1,1,1,5,5,5,1,1,1,1,1,1,1,,,,,,,,
77,3,1,1,1,48,2,8,,,8,,,5,0,30,10,30,1,4,2,4,4,2,4,2,1,1,4,5,4,2,2,1,2,3,2,2,2,2,1,2,3,1,2,3,1,1,2,1,2,4,3,4,3,3,3,2
78,5,1,1,2,22,2,8,,,8,,,7,3,0,5,0,3,4,3,2,3,3,2,3,2,1,4,5,6,5,5,5,4,3,4,2,2,1,4,4,5,2,2,2,4,4,4,4,3,2,2,3,3,4,2,3
79,7,1,1,2,47,2,8,,,4,4,0,8,,,3,0,2,2,2,3,4,2,4,1,2,2,4,4,5,1,3,1,2,1,2,2,3,2,1,2,4,4,2,2,1,2,2,2,2,4,2,4,4,2,4,1
80,15,,1,2,45,2,8,,,8,,,8,,,7,0,1,4,1,5,4,1,5,2,2,2,4,4,4,5,5,5,1,1,1,1,1,4,1,1,4,1,1,1,4,4,4,4,,,,,,,,
81,9,1,1,1,20,2,8,,,8,,,8,,,5,0,3,3,3,3,3,3,3,3,4,4,4,4,4,4,4,4,1,1,1,1,1,1,1,1,1,1,1,1,4,4,4,4,3,3,3,3,3,3,3,3
82,2,,1,1,38,2,1,1,30,1,1,30,7,0,40,2,0,3,3,5,3,3,3,3,3,3,3,7,7,7,4,4,4,3,3,3,3,3,3,1,3,3,3,3,3,3,3,3,3,,,,,,,,
83,4,1,1,1,53,2,2,1,30,2,1,0,5,0,30,1,0,2,3,4,2,3,4,3,3,4,4,4,5,6,3,4,3,4,3,2,3,4,3,3,2,3,4,2,3,3,3,3,3,3,2,3,4,3,4,3,2
84,2,,1,1,38,2,7,2,0,8,,,8,,,1,0,1,1,1,1,1,1,1,1,1,1,4,3,3,3,4,4,2,3,3,3,3,2,2,1,2,2,2,2,1,1,1,1,,,,,,,,
85,9,1,1,1,29,2,8,,,8,,,8,,,15,0,1,4,1,4,4,1,4,1,1,1,4,5,5,2,2,2,1,1,3,1,1,1,1,1,4,1,1,1,1,1,1,1,1,4,1,4,4,2,4,2
86,6,1,1,2,36,2,8,,,7,3,30,8,,,6,40,5,5,5,5,5,5,5,5,4,4,3,3,3,3,3,3,4,4,4,4,4,4,4,4,4,4,4,4,3,3,3,3,3,3,3,3,3,3,3,3
87,8,1,1,2,55,2,1,0,40,1,0,40,1,0,40,5,30,4,4,4,4,3,3,3,3,2,2,2,2,2,3,2,3,3,3,3,3,3,3,3,3,3,3,3,3,3,3,3,3,4,3,3,3,3,3,3,3
88,11,1,1,1,42,2,8,,,8,,,8,,,6,0,3,3,3,3,2,3,3,3,3,3,5,5,5,4,4,4,2,2,2,2,2,2,2,2,2,2,2,2,4,4,4,4,3,3,3,3,2,3,3,3
89,1,,1,1,27,2,3,1,0,8,,,3,0,20,1,0,5,4,4,4,1,4,2,3,5,4,2,2,2,2,2,1,4,4,4,2,2,2,4,4,4,2,1,1,6,5,6,6,,,,,,,,
90,1,,1,1,29,2,8,,,8,,,1,1,0,5,0,3,4,3,4,2,3,4,2,2,2,5,3,2,6,3,4,3,3,3,4,3,3,3,3,2,4,3,4,3,3,3,2,,,,,,,,
91,3,1,1,1,49,2,8,,,8,,,2,1,0,3,0,2,4,3,4,4,3,4,3,1,1,4,4,5,3,4,4,4,3,3,3,3,3,4,3,3,3,3,4,3,3,3,3,2,4,3,3,4,2,4,3
92,1,,1,1,29,2,8,,,8,,,7,0,50,3,0,2,1,4,3,3,4,3,2,2,2,5,2,1,5,2,2,3,2,3,1,1,1,3,3,5,1,2,1,1,1,1,1,,,,,,,,
93,3,1,1,1,49,2,1,0,40,2,0,10,3,0,10,3,30,2,4,2,4,2,2,4,2,7,4,4,5,5,3,3,2,4,4,5,5,1,1,3,4,5,5,3,1,6,5,7,6,2,1,1,5,2,1,4,2
95,8,,1,2,59,2,8,,,8,,,1,0,10,8,30,1,5,1,5,5,2,4,1,1,1,6,6,6,2,2,1,2,3,3,1,1,4,2,2,5,2,3,4,4,4,4,4,,,,,,,,
96,11,1,1,1,46,2,8,,,8,,,8,,,12,0,3,3,3,2,3,2,4,3,2,3,5,5,5,4,4,4,3,3,4,4,3,2,3,3,3,4,3,2,2,2,2,2,3,3,3,3,2,3,3,3
97,16,,1,2,58,2,8,,,8,,,8,,,5,0,2,2,3,3,4,3,3,3,3,3,5,5,5,3,3,3,1,1,1,3,3,4,2,2,1,2,4,2,2,2,2,2,,,,,,,,
98,8,1,1,2,56,2,8,,,8,,,3,1,0,10,0,2,4,4,2,4,2,4,2,2,2,6,6,6,6,6,5,3,2,4,4,2,1,3,3,5,4,4,1,2,2,2,1,2,4,4,4,4,3,4,2
99,3,,1,1,46,2,8,,,8,,,3,1,0,6,0,2,4,3,4,4,2,4,2,2,2,4,4,4,4,4,4,3,3,3,3,3,3,3,3,3,3,3,3,3,3,3,3,,,,,,,,
100,2,1,1,1,34,2,8,,,4,1,0,8,,,10,0,3,2,3,2,2,3,3,4,2,2,6,7,6,4,4,4,2,2,4,4,4,2,2,3,3,5,3,2,2,2,2,2,3,4,2,4,3,2,3,4
101,1,1,1,1,23,2,2,1,0,3,1,0,5,1,0,5,0,3,3,3,3,3,3,3,3,4,4,4,4,4,4,4,4,3,3,3,3,3,3,3,3,3,3,3,3,4,4,4,4,3,3,3,3,3,3,3,3
102,4,,1,1,59,2,8,,,8,,,5,1,0,5,0,2,3,2,3,2,2,3,4,5,5,5,5,5,3,4,4,3,3,4,3,3,3,3,3,3,3,3,3,5,5,4,4,,,,,,,,
103,8,,1,2,55,2,8,,,8,,,7,2,0,8,0,1,5,1,5,5,1,5,1,3,2,3,3,3,6,6,6,1,1,3,3,1,2,1,1,3,1,1,2,1,1,1,1,,,,,,,,
104,2,1,1,1,39,2,8,,,8,,,7,1,0,16,0,3,3,3,4,3,3,3,3,3,3,4,4,4,4,4,4,3,3,3,3,3,3,3,3,3,3,3,3,4,4,4,3,2,4,3,3,4,3,4,3
105,13,1,1,2,26,2,8,,,8,,,8,,,15,0,1,4,2,4,4,2,4,1,1,1,2,2,2,2,2,2,1,1,1,1,1,4,1,1,1,1,2,4,1,1,1,2,1,5,1,5,5,2,4,1
106,7,1,1,2,49,2,8,,,8,,,6,1,0,5,0,1,4,1,4,4,1,4,1,1,1,2,2,2,5,5,5,2,2,3,3,2,3,1,1,3,3,3,2,3,3,3,3,1,4,2,4,4,2,4,2
107,1,1,1,1,24,2,8,,,8,,,7,3,30,2,0,1,5,3,3,3,1,5,1,4,4,7,7,7,4,3,3,3,4,3,3,3,2,3,3,3,2,3,3,4,4,4,4,3,3,3,4,4,4,4,4
108,2,1,1,1,36,2,5,5,0,5,3,0,2,0,30,4,0,1,4,2,5,5,1,5,1,3,3,6,6,5,2,3,3,2,2,4,3,3,2,1,2,4,4,1,2,4,3,3,2,1,4,1,5,5,1,5,1
109,12,,1,1,52,2,8,,,8,,,8,,,10,0,2,3,2,2,5,2,4,2,1,1,4,4,4,2,4,2,3,1,1,1,1,3,1,1,4,2,1,2,2,2,2,2,,,,,,,,
110,13,,1,2,23,2,8,,,8,,,8,,,15,0,1,5,1,5,5,1,5,1,1,1,6,6,7,1,2,2,2,1,2,4,4,2,1,1,4,4,4,2,2,1,1,1,,,,,,,,
111,6,1,1,2,32,2,8,,,8,,,2,3,0,10,0,1,1,1,1,4,1,4,1,1,1,4,4,4,4,4,4,1,1,3,1,1,1,1,1,1,1,1,1,4,1,1,1,1,5,1,5,5,1,5,1
112,5,,1,2,24,2,2,0,20,3,0,20,8,,,0,30,2,2,2,2,2,3,3,4,3,3,4,4,5,5,5,5,3,3,4,4,3,2,3,3,3,3,3,2,2,3,3,3,,,,,,,,
113,1,,1,1,24,2,3,1,0,3,1,0,5,1,0,5,0,3,3,3,3,3,3,3,3,4,4,4,4,4,4,4,4,3,3,3,3,3,3,3,3,3,3,3,3,4,4,4,4,,,,,,,,
114,8,1,1,2,55,2,3,0,30,8,,,3,0,30,3,0,3,2,3,2,3,4,2,4,3,3,7,7,7,4,5,4,3,2,4,2,4,3,2,2,3,3,3,3,5,5,5,5,3,3,3,3,3,3,3,3
115,7,1,1,2,46,2,8,,,8,,,1,3,0,2,0,2,4,3,4,4,2,4,2,1,1,6,7,7,2,2,3,3,3,4,3,2,1,2,3,5,5,3,2,2,3,3,2,2,4,4,3,2,2,4,2
116,7,,1,2,45,2,8,,,8,,,5,1,0,0,30,3,4,3,3,3,3,1,3,1,1,7,7,7,4,4,4,3,2,2,1,1,1,3,1,4,1,1,1,4,4,4,4,,,,,,,,
117,16,1,1,2,53,2,8,,,8,,,8,,,0,0,3,3,3,3,3,3,3,3,4,4,4,4,4,4,4,4,3,3,3,3,3,3,3,3,3,3,3,3,3,3,3,3,3,3,3,3,3,3,3,3
118,1,1,1,1,26,2,8,,,8,,,1,0,20,10,0,2,4,1,4,4,2,4,2,1,1,7,7,7,1,3,1,1,5,5,5,2,1,2,4,5,5,2,2,1,1,1,1,2,4,2,4,5,2,4,2
119,8,,1,2,57,2,3,0,30,1,0,20,5,2,0,7,0,4,2,5,2,1,4,2,4,6,6,7,7,7,7,7,7,5,5,5,5,1,1,5,4,5,3,1,1,7,7,5,5,,,,,,,,
120,6,1,1,2,35,2,8,,,2,2,0,5,1,0,5,0,2,3,3,2,3,3,3,3,2,2,5,5,5,5,5,7,3,3,3,1,1,1,3,3,3,3,3,1,4,2,1,2,2,3,3,4,3,3,3,2
121,7,1,1,2,42,2,8,,,8,,,1,1,0,7,0,4,3,4,3,1,3,3,3,4,4,1,1,1,1,1,1,5,3,5,4,4,5,5,4,5,4,4,4,4,3,3,3,4,3,3,4,1,3,3,3
122,5,,1,2,27,2,8,,,5,0,20,5,0,20,2,30,2,2,5,2,2,4,2,3,1,1,5,6,6,4,2,3,3,3,2,2,1,1,2,3,4,2,1,1,3,4,3,4,,,,,,,,
123,3,,1,1,42,2,8,,,8,,,2,0,20,6,0,5,1,5,1,1,5,1,5,1,1,7,7,7,7,7,7,5,5,5,3,3,1,5,5,5,4,3,1,4,5,5,4,,,,,,,,
124,6,,1,2,34,2,1,1,30,1,1,0,6,0,20,0,30,4,1,4,1,1,4,1,4,3,5,6,6,7,7,6,7,4,5,4,1,3,3,4,4,4,3,4,2,5,5,3,6,,,,,,,,
125,6,,1,2,38,2,8,,,1,0,30,2,0,30,4,0,3,4,3,3,3,3,4,3,5,1,4,4,4,3,2,2,3,1,3,3,1,2,2,2,3,2,2,1,6,4,4,4,,,,,,,,
126,7,,1,2,40,2,5,1,0,5,1,0,5,1,0,8,0,3,3,3,3,3,3,3,3,4,4,6,6,6,4,4,4,3,3,3,3,3,3,3,3,3,3,3,3,4,4,4,4,,,,,,,,
127,9,1,1,1,23,2,8,,,8,,,8,,,0,0,3,3,3,4,3,3,4,3,3,4,4,3,4,4,5,4,3,4,3,3,2,3,4,3,3,4,3,3,3,4,3,3,4,3,4,3,3,4,3,3
128,6,,1,2,35,2,8,,,8,,,3,2,0,8,0,4,2,4,4,3,3,4,3,1,1,6,5,5,5,5,5,3,1,4,2,1,4,3,3,2,4,3,2,3,3,2,4,,,,,,,,
129,5,1,1,2,29,2,8,,,8,,,5,0,20,2,0,1,2,2,2,2,2,2,2,2,2,4,4,4,4,4,4,4,3,4,3,3,3,3,3,3,3,3,3,3,3,3,3,2,2,2,2,2,2,2,2
130,7,,1,2,43,2,8,,,8,,,7,0,30,4,0,1,5,1,5,5,1,5,1,2,2,4,4,4,3,3,3,1,2,2,2,4,4,1,2,4,1,2,5,1,1,1,1,,,,,,,,
132,16,1,1,2,54,2,8,,,8,,,8,,,10,30,3,3,3,3,4,3,3,3,4,4,5,5,5,5,5,5,3,3,2,3,2,2,3,3,4,3,3,2,3,4,4,3,3,2,4,3,4,4,3,3
133,2,,1,1,33,2,5,1,0,8,,,4,0,30,10,0,3,1,5,1,2,2,2,2,4,5,4,6,4,2,4,3,3,4,3,5,1,1,2,4,4,4,2,3,2,2,2,1,,,,,,,,
134,13,1,1,2,29,2,8,,,8,,,8,,,3,0,4,1,2,1,2,3,1,2,1,1,1,1,1,3,3,3,2,3,4,1,1,1,1,1,2,1,2,2,1,2,2,2,4,3,4,4,2,3,4,3
135,5,1,1,2,28,2,8,,,3,1,0,5,1,0,12,0,3,4,3,4,3,3,3,2,1,1,5,5,5,4,4,4,3,2,3,2,2,2,2,1,3,3,2,2,5,4,3,3,2,3,2,3,3,2,4,2
136,10,1,1,1,33,2,8,,,8,,,8,,,14,0,1,5,1,5,5,1,5,1,1,1,3,1,4,2,2,2,1,1,1,1,1,1,1,1,1,3,1,3,1,1,1,1,1,5,1,5,5,1,5,1
137,1,1,1,1,28,2,8,,,1,0,30,7,1,20,3,0,5,1,4,2,3,4,2,5,4,4,3,3,3,4,3,4,4,5,4,4,4,2,4,4,4,4,4,2,7,7,6,6,5,2,4,2,3,4,2,4
138,6,,1,2,36,2,8,,,8,,,7,1,30,2,0,3,3,2,3,2,3,2,2,1,1,1,1,1,4,4,3,3,1,2,2,1,1,2,1,5,1,1,1,3,4,4,3,,,,,,,,
139,8,,1,2,59,2,8,,,8,,,2,2,0,5,0,3,3,3,3,2,3,3,3,4,4,5,5,5,6,6,6,3,2,3,3,4,3,3,3,3,3,3,3,5,4,3,4,,,,,,,,
140,5,,1,2,27,2,1,2,0,1,1,0,3,1,0,0,30,4,3,3,3,2,4,2,3,2,2,6,6,6,6,6,6,4,4,4,3,3,1,3,3,4,4,3,1,2,3,3,3,,,,,,,,
141,11,,1,1,42,2,8,,,8,,,8,,,12,0,1,5,1,5,5,1,5,1,1,1,2,2,2,2,2,2,1,1,1,1,1,1,1,1,1,1,1,1,1,1,1,1,,,,,,,,
142,3,1,1,1,45,2,5,1,30,5,1,30,6,3,30,1,0,3,2,3,3,3,2,3,4,6,6,7,7,7,7,7,7,5,5,5,5,5,5,5,5,4,4,4,4,7,7,6,6,2,2,2,2,3,3,3,4
143,2,,1,1,38,2,8,,,1,2,0,1,0,10,1,0,5,5,5,5,5,5,1,5,7,7,7,7,7,7,7,7,5,5,5,1,1,1,5,5,5,1,5,1,7,7,7,6,,,,,,,,
144,9,1,1,1,29,2,8,,,8,,,8,,,10,0,4,1,4,1,2,5,1,2,5,5,6,5,4,4,3,3,5,4,3,2,1,1,4,4,4,2,1,2,2,2,1,1,4,1,3,1,2,4,1,2
145,1,1,1,1,26,2,8,,,8,,,2,0,30,8,0,1,5,1,5,5,1,5,1,1,1,1,5,4,1,1,1,1,1,1,1,1,2,1,1,1,1,1,4,1,1,5,1,1,4,1,4,5,1,5,1
146,1,,1,1,20,2,3,0,10,8,,,8,,,1,0,3,2,3,4,3,3,3,2,3,4,3,4,3,3,2,3,2,3,2,3,2,2,2,3,2,4,3,1,3,4,3,4,,,,,,,,
147,5,,1,2,28,2,8,,,8,,,7,10,0,8,0,1,5,3,4,3,1,4,3,2,2,6,6,6,3,6,3,3,2,4,3,4,2,4,2,3,2,4,1,4,3,3,4,,,,,,,,
148,13,1,1,2,25,2,8,,,8,,,8,,,0,20,4,3,3,3,4,4,4,4,3,3,4,4,5,4,3,4,4,3,4,3,3,2,3,4,4,2,3,3,3,2,3,3,3,4,3,4,4,3,4,3
149,6,,1,2,33,2,8,,,8,,,3,1,0,12,0,1,4,1,5,5,1,5,1,1,1,5,6,6,4,4,4,2,2,3,3,1,1,2,1,5,5,1,1,5,1,1,1,,,,,,,,
150,6,1,1,2,37,2,2,2,0,8,,,2,0,40,0,0,3,3,2,2,3,4,4,3,4,5,5,5,5,3,4,4,4,4,3,4,3,3,4,4,4,3,4,3,5,4,4,5,4,3,4,3,4,3,4,3
151,2,1,1,1,39,2,1,0,50,2,1,20,2,2,0,2,10,4,2,3,4,2,3,3,4,5,5,4,5,5,5,4,3,4,3,4,4,5,1,2,2,4,2,4,2,6,5,6,5,4,4,3,2,2,4,2,2
152,2,1,1,1,37,2,8,,,8,,,2,0,30,0,40,2,3,3,2,3,3,4,3,3,3,5,5,4,3,3,4,2,2,4,2,2,3,2,2,4,3,3,3,5,5,5,5,2,4,2,4,4,4,3,3
153,6,1,1,2,33,2,8,,,8,,,3,1,0,0,0,4,4,4,4,3,4,2,3,5,4,5,5,4,5,5,5,4,3,3,3,4,3,3,3,4,3,3,3,5,5,4,5,4,4,3,4,4,4,4,4
154,3,,1,1,43,2,8,,,8,,,1,0,30,1,0,3,3,3,2,3,3,3,3,3,3,4,4,4,4,4,4,3,4,3,4,3,3,3,3,3,3,3,2,3,3,3,3,,,,,,,,
155,4,,1,1,56,2,8,,,5,1,0,5,1,0,4,0,3,3,3,3,3,3,3,3,4,4,5,5,5,4,4,4,3,3,3,3,3,3,3,3,3,3,3,3,3,3,3,3,,,,,,,,
156,12,1,1,1,56,2,8,,,8,,,8,,,0,0,1,1,1,1,1,1,1,1,1,1,7,7,7,7,7,7,1,1,1,1,1,1,1,1,1,1,1,1,1,1,1,1,1,1,1,1,5,1,1,1
157,8,1,1,2,51,2,8,,,8,,,3,0,30,2,30,4,3,3,2,3,4,2,2,1,1,5,5,5,5,5,4,3,2,2,1,1,2,3,1,3,1,1,1,2,2,2,1,4,3,3,3,3,3,3,3
158,1,1,1,1,28,2,8,,,5,1,0,5,0,30,12,0,1,5,1,5,5,1,5,1,1,1,3,6,6,1,1,1,1,1,1,1,1,1,1,1,4,1,1,1,1,1,1,1,1,4,1,4,5,1,5,2
159,2,1,1,1,38,2,8,,,2,1,0,7,1,0,10,0,3,2,4,3,3,4,1,4,5,6,5,6,7,4,2,6,4,3,4,1,2,3,3,5,4,5,3,2,5,7,6,4,3,4,3,2,3,4,2,3
160,1,,1,1,29,2,8,,,8,,,7,0,30,10,0,1,5,1,5,5,1,5,1,1,1,5,6,6,1,1,1,1,1,1,1,1,2,1,1,4,4,1,2,1,1,1,1,,,,,,,,
161,9,1,1,1,24,2,8,,,8,,,8,,,0,0,3,3,3,3,3,3,3,3,4,4,4,4,4,4,4,4,3,3,3,3,3,3,3,3,3,3,3,3,4,4,4,4,3,3,3,3,3,3,3,3
162,8,1,1,2,54,2,8,,,8,,,4,1,0,8,0,1,4,1,5,1,2,5,1,1,1,4,4,4,2,4,3,1,2,2,1,2,4,2,1,4,2,1,3,2,2,1,1,1,5,1,5,5,2,4,2
163,10,1,1,1,38,2,8,,,8,,,8,,,8,0,3,3,3,3,3,3,3,3,4,4,4,4,4,4,4,4,3,3,3,3,3,3,3,3,3,3,3,3,4,4,4,4,3,3,3,3,3,3,3,3
164,3,,1,1,48,2,5,1,30,8,,,5,1,30,14,0,3,3,3,3,3,3,3,3,5,5,7,7,7,4,4,4,3,3,4,3,1,1,2,4,4,1,1,1,5,7,4,4,,,,,,,,
165,3,1,1,1,46,2,3,1,30,4,0,50,5,0,20,7,50,3,3,3,3,3,3,3,3,4,4,4,4,4,4,4,4,3,3,3,3,3,3,3,3,3,3,3,3,4,4,4,4,3,3,3,3,3,3,3,3
166,1,1,1,1,24,2,4,1,0,1,0,40,2,1,0,1,0,1,2,3,3,3,3,3,3,1,2,1,3,4,2,3,4,1,2,3,3,4,4,4,4,3,3,3,3,1,2,3,4,1,2,3,3,3,3,3,3
167,4,,1,1,55,2,1,3,0,3,0,30,3,1,0,6,0,3,4,4,3,1,4,1,3,4,4,7,6,6,5,5,3,5,4,4,4,1,1,3,4,4,4,4,1,5,2,5,5,,,,,,,,
168,10,,1,1,31,2,8,,,8,,,8,,,8,0,2,4,2,4,4,2,4,2,2,2,4,5,5,3,3,3,3,2,3,3,2,3,2,2,4,2,1,4,2,2,2,2,,,,,,,,
169,5,,1,2,26,2,1,1,0,8,,,5,0,40,5,0,4,2,4,2,2,4,2,4,5,5,7,7,7,5,2,5,4,4,5,5,5,2,3,3,5,4,5,1,2,2,2,2,,,,,,,,
170,3,1,1,1,46,2,1,1,0,1,1,0,1,1,0,5,0,3,3,3,3,4,2,3,4,3,4,3,3,4,3,3,4,3,4,5,5,3,2,4,4,3,3,3,4,3,3,3,3,3,3,3,3,3,4,3,3
171,13,,1,2,25,2,8,,,8,,,8,,,16,0,1,4,3,4,1,4,3,1,1,1,7,7,7,5,5,4,3,3,5,3,1,1,3,3,5,3,1,1,1,1,1,1,,,,,,,,
172,5,1,1,2,25,2,8,,,8,,,2,0,10,10,0,1,3,2,4,4,2,4,2,2,2,4,5,4,4,4,4,2,3,3,3,2,3,3,3,2,2,2,2,2,4,4,4,2,2,2,4,4,2,4,3
173,5,,1,2,29,2,8,,,7,0,40,4,0,10,0,50,3,4,4,3,4,3,2,4,5,6,6,6,6,7,7,6,4,4,4,3,1,1,4,3,4,2,2,1,6,7,7,3,,,,,,,,
174,6,,1,2,30,2,2,0,30,2,0,10,6,1,0,8,0,2,2,3,4,3,3,3,2,5,4,5,5,6,4,4,5,4,2,3,4,3,2,2,4,4,4,3,1,2,2,2,1,,,,,,,,
175,2,1,1,1,37,2,1,2,0,1,2,0,7,3,0,8,0,4,4,4,2,2,4,2,4,6,6,7,7,7,7,7,7,4,4,4,2,4,1,4,4,5,2,2,1,2,5,5,3,4,2,4,2,1,4,1,4
176,2,1,1,1,35,2,2,1,0,8,,,7,0,20,15,0,3,3,3,3,3,3,3,3,5,4,6,6,6,5,5,5,4,4,4,2,2,4,4,4,4,3,3,2,5,5,5,5,3,3,3,3,3,3,3,3
177,7,1,1,2,40,2,5,1,30,6,1,30,7,1,0,8,30,4,4,4,4,1,4,2,4,7,7,6,6,6,6,6,6,4,4,4,4,4,4,4,4,4,3,4,1,3,6,6,6,4,4,4,4,2,4,2,4
178,2,1,1,1,35,2,8,,,5,3,0,2,0,40,4,0,2,3,3,3,3,3,4,3,1,1,4,4,4,3,3,3,3,3,3,1,1,2,3,3,3,1,1,2,1,1,1,1,3,3,3,3,3,3,3,3
179,1,1,1,1,27,2,5,1,0,8,,,7,1,0,4,0,4,3,3,3,2,4,2,4,3,3,5,4,4,4,4,4,3,3,2,3,3,2,3,3,3,2,3,2,3,3,4,3,4,4,3,4,2,3,3,3
180,1,1,1,1,25,2,8,,,8,,,7,1,0,10,0,4,3,3,3,4,4,4,3,1,1,4,4,4,4,4,4,4,3,4,3,3,3,3,3,3,3,3,3,4,4,4,4,3,3,3,3,2,4,3,3
181,5,1,1,2,20,2,3,1,0,3,1,0,3,1,0,1,0,3,2,2,3,3,4,3,3,3,3,4,4,4,3,4,4,3,2,2,3,3,3,4,4,3,3,3,3,3,3,3,3,4,3,3,3,3,2,2,2
182,2,,1,1,37,2,3,1,0,3,2,0,3,1,0,3,0,5,4,3,5,4,5,4,4,6,6,7,6,6,5,7,6,5,4,5,4,5,5,5,4,4,5,4,5,7,6,6,7,,,,,,,,
183,5,,1,2,24,2,8,,,8,,,5,0,30,8,40,2,2,3,4,4,2,4,2,4,4,6,6,6,2,2,2,2,2,2,2,2,2,2,2,2,4,2,2,2,2,2,2,,,,,,,,
184,11,1,1,1,46,2,8,,,8,,,8,,,12,0,3,3,3,3,3,3,3,3,4,4,4,4,4,4,4,4,3,3,3,3,3,3,3,3,3,3,3,3,3,3,3,3,1,1,1,1,1,1,1,1
185,6,1,1,2,36,2,8,,,8,,,3,0,30,5,30,3,3,3,3,3,4,3,3,2,2,6,6,6,4,3,4,3,3,2,3,1,3,2,3,4,4,1,2,5,4,3,5,3,3,3,3,2,4,3,3
186,4,1,1,1,51,2,2,1,0,7,3,0,7,2,0,4,0,3,3,2,3,3,3,3,3,3,1,6,6,6,4,4,4,3,3,3,3,1,1,3,3,4,3,1,1,5,5,5,5,3,3,3,3,3,3,3,3
187,5,1,1,2,26,2,8,,,8,,,3,1,0,10,0,2,2,2,2,3,3,3,3,2,3,3,4,3,3,3,3,2,2,2,2,2,3,2,2,2,2,2,1,4,3,3,3,2,4,2,2,4,2,2,2
188,6,,1,2,37,2,8,,,5,0,50,2,0,30,4,0,1,5,1,5,5,1,5,1,3,3,5,5,5,2,2,1,1,1,1,3,1,5,1,1,2,1,1,3,1,1,1,1,,,,,,,,
189,7,,1,2,42,2,8,,,8,,,3,1,0,10,0,2,4,2,4,4,2,4,2,2,2,6,6,6,4,4,4,3,3,3,4,2,2,3,3,4,4,3,2,3,2,3,2,,,,,,,,
191,2,,1,1,35,2,8,,,8,,,7,0,30,10,0,1,4,3,4,4,2,4,2,1,1,1,2,3,2,2,2,2,2,2,2,2,3,1,2,3,3,3,3,4,2,3,2,,,,,,,,
193,7,,1,2,47,2,8,,,8,,,5,1,0,8,0,2,3,2,3,4,2,4,2,2,2,5,6,6,3,4,3,3,3,3,3,2,2,2,2,4,3,2,2,2,3,2,2,,,,,,,,
194,6,,1,2,38,2,4,0,30,4,0,30,7,1,30,6,0,5,1,5,1,1,5,1,5,6,6,7,7,7,7,7,7,5,5,5,3,1,5,5,5,5,4,5,1,5,7,5,6,,,,,,,,
195,7,,1,2,41,2,8,,,1,0,10,8,,,1,0,1,5,2,4,4,3,4,3,2,2,5,5,4,5,5,4,1,2,2,2,4,2,2,2,3,3,2,3,3,3,3,3,,,,,,,,
196,10,1,1,1,36,2,8,,,8,,,8,,,8,0,4,4,2,3,3,4,4,3,2,4,4,5,5,5,4,4,2,3,4,5,4,3,3,3,2,2,2,1,2,3,4,4,3,3,4,4,2,2,3,4
197,15,,1,2,47,2,8,,,8,,,8,,,10,0,2,4,3,3,3,3,4,2,3,3,6,6,6,2,2,2,3,2,4,2,2,1,2,2,4,2,2,1,3,3,3,3,,,,,,,,
198,6,,1,2,32,2,8,,,5,0,10,7,0,30,2,0,2,3,4,2,3,4,2,4,2,2,4,4,4,3,3,3,2,1,3,1,1,2,3,3,3,3,1,2,5,5,5,5,,,,,,,,
199,5,,1,2,28,2,1,3,0,1,2,0,2,1,0,2,0,5,4,3,2,1,2,3,4,5,4,7,6,5,7,6,5,5,4,3,2,3,4,5,4,3,2,3,4,5,4,3,2,,,,,,,,
200,7,,1,2,40,2,1,0,10,7,2,0,5,0,10,10,0,3,3,1,4,4,1,4,3,3,4,5,3,5,3,4,4,4,2,4,4,2,5,2,2,3,4,3,5,3,4,2,4,,,,,,,,
201,3,1,1,1,48,2,8,,,8,,,2,0,20,2,0,3,3,3,3,2,4,3,3,3,3,5,5,5,4,4,4,4,3,4,4,4,4,4,4,3,3,3,3,3,3,3,3,3,3,3,2,3,3,3,3
202,9,1,1,1,25,2,8,,,8,,,8,,,0,0,4,1,3,2,3,4,3,2,3,3,5,4,5,4,3,3,2,1,4,2,1,3,2,2,2,4,3,2,4,3,3,3,3,2,2,2,2,4,1,1
203,12,1,1,1,58,2,8,,,8,,,8,,,8,0,3,3,3,3,3,3,3,3,3,3,4,4,4,3,3,3,3,4,3,3,3,3,3,3,3,3,3,3,3,3,3,3,3,3,3,3,3,3,3,3
204,1,,1,1,24,2,1,0,0,1,0,0,2,1,0,4,0,2,4,2,4,4,2,4,2,1,1,2,3,3,2,3,4,2,2,2,2,2,2,2,2,3,2,2,2,2,2,2,2,,,,,,,,
205,6,1,1,2,39,2,3,0,40,8,,,7,8,0,1,0,3,3,3,3,3,3,3,3,4,4,4,4,4,4,4,4,3,3,3,3,3,3,3,3,3,3,3,3,4,4,4,4,3,3,3,3,3,3,3,3
206,2,,1,1,38,2,8,,,1,1,0,5,2,0,10,0,2,2,2,2,3,2,4,2,3,3,4,4,4,4,4,4,3,3,3,3,3,3,3,3,3,3,3,3,2,4,4,4,,,,,,,,
207,11,1,1,1,41,2,8,,,8,,,8,,,6,0,4,3,4,4,3,4,3,3,4,3,4,4,4,4,4,4,4,3,3,4,4,3,4,3,3,2,4,4,4,3,4,3,4,3,2,4,2,4,3,3
208,9,,1,1,29,2,8,,,8,,,8,,,0,0,3,3,3,3,3,3,3,3,4,4,4,4,4,4,4,4,3,3,3,3,3,3,3,3,3,3,3,3,4,4,4,4,,,,,,,,
209,1,,1,1,26,2,4,3,0,2,1,0,7,1,0,10,0,5,1,5,2,1,5,1,5,7,5,1,1,1,2,2,2,5,5,5,3,1,2,5,5,5,4,2,1,4,3,5,5,,,,,,,,
210,11,1,1,1,43,2,8,,,8,,,8,,,8,0,2,2,4,4,5,3,3,2,1,1,4,4,4,4,4,4,2,2,2,2,1,2,3,1,4,1,1,1,2,2,2,2,3,4,4,4,4,3,3,3
211,6,,1,2,30,2,1,0,30,8,,,1,0,20,3,0,2,4,3,4,5,3,3,3,1,1,1,1,1,5,5,4,3,3,3,3,1,1,3,1,3,1,1,2,4,1,1,2,,,,,,,,
212,6,,1,2,32,2,8,,,8,,,7,1,0,15,0,2,5,1,5,5,1,5,3,1,1,3,1,3,1,1,1,1,1,1,2,3,3,1,1,1,3,1,2,1,1,1,1,,,,,,,,
213,5,,1,2,29,2,8,,,5,0,10,5,0,40,11,0,2,4,4,3,2,4,3,3,2,2,6,7,7,4,5,3,3,2,3,1,1,2,4,3,5,2,2,1,1,2,2,2,,,,,,,,
214,12,,1,1,57,2,8,,,8,,,8,,,8,0,2,3,3,3,3,2,3,3,3,2,4,3,3,4,3,4,3,2,3,3,3,3,2,2,2,2,3,2,3,2,3,3,,,,,,,,
215,4,,1,1,52,2,1,1,0,1,1,0,1,1,0,0,30,4,3,3,4,3,3,4,3,4,4,4,3,3,3,3,3,3,4,3,3,4,3,3,3,3,3,4,3,3,3,2,3,,,,,,,,
216,1,,1,1,25,2,1,2,0,2,2,0,2,2,0,0,20,2,3,1,2,1,1,1,1,2,3,5,2,3,3,4,2,4,2,4,3,3,2,2,3,3,1,4,1,1,3,1,2,,,,,,,,
217,4,,1,1,55,2,8,,,8,,,3,2,0,10,0,1,3,3,3,3,2,4,2,2,2,3,3,3,3,3,4,3,2,2,2,1,3,2,3,2,2,2,2,3,2,2,1,,,,,,,,
218,10,1,1,1,39,2,8,,,8,,,8,,,5,0,3,3,3,3,3,3,3,3,4,4,4,4,4,4,4,4,3,3,3,3,3,3,3,3,3,3,3,3,3,3,3,3,3,3,3,3,3,3,3,3
219,8,1,1,2,55,2,2,1,0,8,,,4,0,30,8,0,2,3,3,3,3,3,3,3,3,3,4,4,4,4,4,4,2,2,2,2,2,2,2,2,2,2,2,2,4,4,4,4,3,3,3,3,3,3,3,3
220,13,1,1,2,23,2,8,,,8,,,8,,,12,0,2,4,3,4,2,2,4,2,2,2,6,6,6,3,5,4,2,3,3,4,2,2,3,3,4,3,2,2,4,3,5,3,2,4,2,4,3,2,4,2
221,2,,1,1,35,2,8,,,8,,,4,1,0,16,0,2,4,3,4,4,3,4,3,5,4,6,6,7,3,4,4,3,2,4,3,4,1,2,3,5,3,4,1,4,2,2,2,,,,,,,,
222,8,1,1,2,58,2,8,,,8,,,7,2,0,7,0,3,4,2,4,4,3,3,2,1,1,3,5,5,4,4,3,3,2,4,3,2,2,3,3,3,2,2,1,3,3,3,3,2,3,2,2,3,3,3,2
223,8,1,1,2,53,2,8,,,7,0,20,7,1,0,5,0,1,5,1,5,5,1,5,1,1,1,7,7,7,1,4,1,1,1,2,1,2,1,1,1,5,3,1,1,2,1,1,1,1,4,1,4,4,2,4,2
224,14,1,1,2,39,2,8,,,8,,,8,,,16,0,1,3,3,3,3,3,3,3,1,1,1,1,1,1,1,1,1,1,1,1,1,3,2,2,3,1,1,3,1,1,1,1,3,3,3,3,3,3,3,3
225,3,,1,1,42,2,8,,,8,,,7,1,0,8,0,2,4,3,3,3,4,3,3,3,4,6,5,6,3,5,4,2,2,2,2,2,3,2,2,3,2,3,3,3,3,3,3,,,,,,,,
226,5,1,1,2,28,2,8,,,8,,,5,0,40,5,0,1,1,1,1,1,1,1,1,1,1,7,7,7,7,7,7,3,3,3,3,3,3,3,3,3,3,3,3,3,3,3,3,1,1,1,1,5,1,5,1
227,1,,1,1,25,2,1,2,0,1,2,0,5,0,10,5,0,5,2,5,2,2,4,2,3,5,5,6,6,6,3,2,2,4,5,5,3,1,1,4,4,5,5,1,1,4,5,4,5,,,,,,,,
229,6,,1,2,38,2,8,,,8,,,7,0,30,10,0,1,3,1,4,3,2,4,2,1,1,2,2,2,5,5,7,3,2,2,2,2,1,2,2,2,2,1,2,1,1,1,1,,,,,,,,
230,1,,1,1,22,2,4,0,50,8,,,3,0,30,6,0,4,2,3,3,2,2,2,3,5,5,7,1,2,4,4,5,4,3,4,3,1,1,2,1,5,1,1,1,3,5,5,2,,,,,,,,
231,2,,1,1,33,2,8,,,8,,,3,0,20,0,0,2,3,2,2,5,2,4,3,4,4,1,1,1,1,1,1,4,4,4,2,2,4,4,4,4,2,4,2,5,5,4,4,,,,,,,,
232,3,,1,1,46,2,8,,,8,,,2,1,0,16,0,3,2,3,3,3,4,2,3,2,1,5,5,7,5,4,5,3,2,3,1,1,1,3,1,5,1,1,1,1,2,1,1,,,,,,,,
233,1,1,1,1,28,2,8,,,8,,,1,0,20,3,0,3,3,3,3,3,3,3,3,1,1,4,4,4,4,4,4,4,4,4,4,1,1,4,4,4,5,1,1,7,7,7,7,4,1,3,1,3,4,1,3
234,8,1,1,2,51,2,8,,,8,,,2,0,10,4,0,2,4,2,4,3,2,4,2,2,2,5,5,5,3,3,3,2,2,2,3,4,3,3,4,2,3,2,2,2,2,2,2,2,2,3,3,3,4,4,3
235,3,1,1,1,48,2,2,2,0,1,0,30,7,2,0,0,40,3,3,3,3,3,4,3,4,5,5,4,5,5,5,5,5,4,4,5,3,1,3,4,4,4,2,2,2,7,6,6,5,4,3,3,3,3,4,3,3
236,6,,1,2,37,2,1,0,30,8,,,4,0,20,9,0,1,4,2,4,4,1,5,1,2,2,5,5,6,2,3,2,2,2,2,2,4,2,2,2,2,2,5,4,1,2,1,1,,,,,,,,
237,5,1,1,2,27,2,8,,,8,,,6,2,0,2,0,3,2,3,3,4,4,3,3,2,2,5,5,5,6,6,6,4,3,4,2,3,3,4,3,4,1,2,2,5,5,4,4,3,1,1,3,4,3,4,4
238,8,1,1,2,53,2,8,,,8,,,3,0,30,8,30,1,4,1,4,4,1,4,1,1,1,1,1,1,1,1,2,3,3,3,2,2,2,2,2,3,2,3,2,5,5,5,5,2,4,1,4,4,1,4,1
239,8,,1,2,57,2,8,,,8,,,5,1,30,8,0,2,2,4,2,2,2,3,2,3,3,6,6,5,4,4,3,1,2,1,5,2,2,2,2,2,2,2,1,7,7,7,5,,,,,,,,
240,1,,1,1,29,2,8,,,1,1,0,2,1,0,8,0,2,3,3,3,2,3,3,3,2,2,5,5,5,3,3,2,2,2,2,2,2,3,2,2,3,2,2,3,3,3,3,4,,,,,,,,
241,1,1,1,1,28,2,8,,,8,,,5,1,30,3,30,3,3,3,3,2,3,2,3,2,2,4,4,4,3,3,3,3,3,4,3,3,2,3,3,3,3,2,4,2,3,3,3,3,3,3,2,4,3,3,4
242,11,,1,1,49,2,8,,,8,,,8,,,15,0,1,4,2,4,5,2,5,1,1,1,3,2,4,1,1,1,1,2,2,2,2,4,2,1,2,3,2,2,2,2,1,1,,,,,,,,
243,16,1,1,2,57,2,8,,,8,,,8,,,7,0,1,4,3,3,4,2,4,2,1,1,4,5,5,3,4,3,2,2,2,2,1,3,2,3,3,2,1,3,2,2,2,2,3,3,3,4,3,2,4,3
244,9,,1,1,28,2,8,,,8,,,8,,,15,0,2,5,1,5,4,2,4,1,1,1,1,1,1,2,3,1,3,3,5,5,3,1,2,1,5,5,4,1,1,1,1,2,,,,,,,,
245,4,1,1,1,56,2,8,,,2,1,0,5,2,0,10,0,3,3,3,3,3,3,3,3,2,2,5,5,5,6,6,6,3,3,3,3,3,3,3,3,3,3,3,3,6,6,6,6,3,3,3,3,3,3,3,3
246,6,1,1,2,32,2,3,0,30,5,3,0,7,1,0,8,0,5,3,4,3,1,4,3,4,7,7,7,7,7,7,6,7,5,4,4,4,5,3,5,4,4,3,5,4,6,5,6,7,5,2,5,4,4,5,1,4
247,8,1,1,2,53,2,8,,,8,,,5,0,20,2,30,2,4,3,4,4,2,3,2,1,2,4,4,4,4,4,4,3,3,3,3,2,2,3,3,3,3,2,2,4,4,4,4,3,3,3,4,4,3,3,3
248,5,,1,2,23,2,8,,,8,,,5,0,20,10,0,2,4,2,4,4,2,4,2,2,2,3,5,5,3,4,4,2,2,2,2,2,2,2,2,4,2,2,2,5,5,5,4,,,,,,,,
249,5,,1,2,29,2,8,,,8,,,3,0,50,5,0,3,3,3,3,3,3,4,3,4,4,6,6,5,5,3,4,4,3,3,3,4,4,3,4,3,3,3,3,4,3,3,3,,,,,,,,
250,9,1,1,1,22,2,8,,,8,,,8,,,7,0,1,4,1,5,5,1,5,1,1,1,5,7,7,7,7,7,1,1,3,5,1,1,1,1,5,1,1,1,1,1,1,1,1,5,5,5,5,1,5,1
251,1,,1,1,23,2,8,,,8,,,3,0,40,6,30,1,4,1,5,5,1,5,2,4,4,1,1,1,6,2,3,1,1,4,1,1,1,1,1,5,1,2,1,2,1,1,1,,,,,,,,
252,11,1,1,1,40,2,8,,,8,,,8,,,15,0,3,3,3,3,3,3,3,1,1,1,4,4,4,2,4,2,3,3,3,3,3,3,3,3,3,3,3,3,1,1,1,1,3,3,3,3,3,3,3,3
253,12,1,1,1,52,2,8,,,8,,,8,,,0,0,1,1,1,1,1,1,1,1,1,1,7,7,7,7,7,7,1,1,1,1,1,1,1,1,1,1,1,1,1,1,1,1,1,1,1,1,1,1,1,1
254,3,,1,1,48,2,8,,,8,,,1,0,40,1,0,4,2,3,3,1,4,2,3,2,2,7,7,7,7,7,7,4,4,4,3,3,2,4,4,4,3,3,2,4,4,4,4,,,,,,,,
256,4,,1,1,52,2,2,1,50,1,0,30,8,,,15,0,4,2,3,2,2,4,2,4,1,1,5,6,6,5,5,6,4,4,4,3,1,1,5,3,5,3,1,1,5,5,4,1,,,,,,,,
257,3,,1,1,43,2,8,,,8,,,4,0,10,4,0,2,4,3,4,3,2,4,3,2,2,4,4,4,4,4,4,3,2,3,3,3,2,2,2,4,2,3,2,3,3,4,4,,,,,,,,
258,7,1,1,2,43,2,8,,,8,,,7,1,0,8,0,3,4,3,4,4,3,3,3,4,3,5,6,6,3,4,4,3,2,2,3,1,2,3,2,4,2,2,1,3,3,2,2,2,4,2,4,3,3,3,3
259,2,,1,1,34,2,3,0,30,4,0,30,7,1,0,5,0,4,2,4,2,2,4,2,4,3,3,5,6,6,4,5,5,4,5,5,4,1,1,4,4,5,5,1,1,4,4,5,5,,,,,,,,
260,1,,1,1,28,2,8,,,8,,,2,1,0,15,0,3,3,3,3,3,4,2,4,3,3,4,4,4,5,5,4,3,4,3,4,3,3,2,3,3,4,4,4,4,5,4,5,,,,,,,,
261,4,1,1,1,54,2,8,,,8,,,7,0,30,15,0,1,1,1,1,5,3,3,3,1,1,5,4,4,4,5,5,3,3,3,3,3,3,2,3,3,3,3,3,3,3,3,3,3,3,3,3,3,4,3,3
262,8,1,1,2,53,2,8,,,1,0,30,1,0,20,9,30,3,4,3,3,3,4,3,3,3,3,4,4,5,4,4,4,4,3,3,3,3,3,3,3,3,3,2,2,3,4,3,4,3,2,2,2,2,2,2,2
263,11,,1,1,44,2,8,,,8,,,8,,,4,50,1,5,1,5,5,1,5,1,1,1,7,7,7,1,1,1,1,1,1,1,5,5,1,1,5,5,5,1,1,1,1,1,,,,,,,,
264,13,,1,2,29,2,8,,,8,,,8,,,7,0,1,1,1,1,1,1,1,1,1,1,4,5,3,6,6,6,1,2,1,1,1,1,1,1,1,1,1,1,2,1,1,1,,,,,,,,
265,2,,1,1,38,2,1,1,30,3,0,30,5,0,20,2,30,4,2,4,1,2,4,1,4,4,3,5,5,5,5,5,6,4,4,5,3,2,1,4,4,4,3,3,1,4,5,5,4,,,,,,,,
266,7,,1,2,42,2,8,,,8,,,7,6,0,6,0,2,3,3,3,3,3,4,3,3,3,5,5,5,5,5,5,2,3,3,1,3,3,3,3,3,4,4,4,3,3,3,3,,,,,,,,
267,11,,1,1,48,2,8,,,8,,,8,,,0,0,3,3,3,3,3,3,3,3,5,5,4,4,4,4,4,4,3,3,3,4,4,3,3,3,3,3,3,3,3,3,3,3,,,,,,,,
268,2,1,1,1,33,2,8,,,8,,,7,2,0,2,0,3,3,3,3,4,5,4,4,3,3,5,4,4,4,4,4,5,4,4,4,4,5,4,4,4,5,5,5,3,3,3,3,3,4,4,4,4,4,4,4
269,14,1,1,2,35,2,8,,,8,,,8,,,5,30,4,1,4,1,3,4,1,3,1,1,5,6,6,4,4,4,4,4,4,4,3,4,4,4,4,3,4,4,2,2,2,2,5,1,5,1,3,5,1,5
270,4,1,1,1,58,2,8,,,8,,,1,0,40,6,0,3,3,3,3,2,4,2,3,2,2,1,1,6,4,4,5,3,4,4,2,1,1,3,4,4,3,1,1,3,5,5,5,4,2,4,2,2,4,2,4
271,3,1,1,1,43,2,8,,,8,,,3,1,20,8,0,1,5,1,5,5,1,5,5,1,1,6,6,6,6,6,6,1,1,1,1,1,1,1,1,1,1,1,5,1,1,1,1,3,3,3,3,3,3,3,3
272,7,1,1,2,45,2,8,,,8,,,3,1,0,16,0,3,3,3,3,3,3,3,3,3,3,5,5,5,4,4,4,3,3,3,3,3,2,3,3,3,3,3,3,4,4,4,4,3,3,3,3,3,3,3,3
273,8,,1,2,55,2,8,,,2,0,30,7,1,0,2,0,4,2,4,2,2,4,2,4,2,2,6,6,6,5,5,5,3,3,4,2,2,2,4,4,4,2,3,2,5,5,5,4,,,,,,,,
274,3,,1,1,47,2,1,2,0,1,1,0,3,1,0,2,0,3,3,4,3,2,4,2,3,4,4,5,5,5,5,5,5,4,3,3,4,2,3,4,3,4,3,2,2,3,4,4,3,,,,,,,,
275,3,1,1,1,43,2,1,3,0,8,,,1,1,0,2,0,3,3,3,3,3,3,3,3,3,3,5,5,5,5,5,5,3,3,4,2,2,2,4,2,4,2,2,2,2,4,1,6,3,3,3,3,3,3,3,3
276,5,1,1,2,21,2,5,2,50,4,2,10,5,3,20,1,20,4,3,3,3,4,4,3,4,5,3,5,4,4,1,2,3,1,2,3,4,5,5,5,5,5,4,3,3,1,3,3,4,3,3,3,4,4,2,4,3
277,4,,1,1,55,2,8,,,8,,,6,1,30,4,0,4,2,4,1,2,4,2,4,2,3,5,5,5,6,6,4,4,4,4,4,2,2,4,4,4,4,2,1,7,6,6,5,,,,,,,,
278,7,1,1,2,48,2,8,,,8,,,5,0,30,9,0,1,1,1,1,1,1,1,1,1,1,3,2,4,2,4,4,3,2,2,2,2,2,2,3,3,3,3,3,4,3,3,3,1,4,1,4,4,1,4,1
279,6,,1,2,32,2,8,,,8,,,2,0,40,10,0,2,4,3,4,4,3,3,2,2,2,7,7,6,3,3,4,2,1,3,3,2,1,1,1,4,4,2,2,2,2,2,5,,,,,,,,
280,6,1,1,2,33,2,1,0,30,4,0,30,2,0,30,5,0,3,3,2,3,4,4,2,3,7,7,7,7,7,5,4,2,4,2,4,5,1,1,3,3,5,5,1,1,4,4,4,1,3,3,3,3,3,4,2,3
281,4,,1,1,52,2,8,,,8,,,3,0,10,5,0,1,4,2,4,5,2,4,2,1,1,1,2,2,2,2,2,1,2,1,2,2,2,2,2,3,3,3,2,2,2,2,2,,,,,,,,
282,13,,1,2,28,2,8,,,8,,,8,,,10,0,1,1,1,1,1,1,1,1,1,1,4,4,4,2,2,2,3,2,1,2,2,2,2,2,3,2,2,2,2,3,2,2,,,,,,,,
283,7,,1,2,42,2,8,,,1,0,30,1,0,30,10,30,1,5,1,5,5,1,5,1,1,1,2,1,2,1,1,1,1,1,2,1,1,2,1,1,5,1,4,2,1,1,1,1,,,,,,,,
284,3,1,1,1,49,2,8,,,8,,,7,1,0,4,0,2,3,3,3,4,2,4,3,1,1,7,7,7,4,4,4,3,2,2,2,2,1,2,1,5,3,1,1,1,1,1,1,3,3,2,3,3,3,3,2
285,8,,1,2,58,2,8,,,8,,,1,1,0,5,0,1,5,1,5,5,1,5,1,1,1,1,1,3,1,1,1,1,1,1,1,1,5,1,1,1,1,1,5,1,1,1,1,,,,,,,,
286,6,1,1,2,30,2,1,0,30,1,1,30,7,1,0,0,30,4,3,4,4,4,4,2,4,4,5,5,5,6,5,3,4,3,4,4,4,4,4,3,4,4,3,4,4,4,5,5,5,4,4,3,4,3,4,1,4
287,4,,1,1,59,2,1,2,0,1,1,30,5,2,0,5,0,4,1,4,1,1,4,1,4,6,4,6,6,7,7,7,7,5,5,5,4,1,1,5,5,5,3,1,1,7,7,7,7,,,,,,,,
288,14,1,1,2,37,2,8,,,8,,,8,,,12,0,1,1,1,1,5,1,5,1,1,1,7,7,7,1,1,1,1,1,1,3,3,3,3,3,5,3,3,1,4,1,1,1,1,5,1,5,5,1,5,1
289,4,1,1,1,57,2,8,,,8,,,3,0,30,12,0,3,4,3,4,4,3,4,2,1,1,4,3,5,4,3,3,3,4,4,5,2,5,2,3,3,2,5,5,1,5,3,3,3,4,2,4,4,2,4,2
290,4,,1,1,54,2,1,4,0,1,1,0,2,0,20,0,40,2,2,3,3,5,2,2,2,2,2,3,4,3,3,4,3,3,4,3,4,3,3,3,3,4,3,3,4,2,3,3,3,,,,,,,,
291,2,1,1,1,39,2,2,2,0,8,,,7,1,0,1,30,5,1,5,1,1,5,1,5,4,4,7,7,7,7,7,7,5,5,5,5,1,1,5,5,5,5,1,1,5,4,4,1,5,1,5,1,1,5,1,5
292,7,,1,2,46,2,8,,,7,1,0,8,,,0,10,4,4,4,3,4,4,3,3,6,4,5,5,5,6,2,3,4,4,4,3,3,3,3,3,4,5,4,2,5,5,5,3,,,,,,,,
293,10,1,1,1,38,2,8,,,8,,,8,,,9,0,2,4,2,4,4,3,3,2,2,2,4,4,4,4,4,3,2,1,2,1,1,3,2,2,4,2,2,2,2,2,2,1,2,4,2,4,4,2,4,2
294,8,1,1,2,53,2,8,,,8,,,7,2,30,7,0,1,4,2,4,2,2,4,1,1,1,4,4,4,3,3,3,1,2,2,1,1,3,1,1,3,1,1,2,2,2,2,2,1,5,1,5,4,1,4,1
295,7,,1,2,47,2,8,,,1,0,40,8,,,8,30,2,3,3,3,3,3,4,2,4,3,5,6,6,4,3,4,3,3,4,3,2,2,3,3,3,2,3,2,2,3,2,2,,,,,,,,
296,4,1,1,1,50,2,1,1,30,1,1,30,7,1,0,13,0,2,3,3,4,3,3,3,4,6,6,6,6,6,4,4,4,3,3,3,3,2,1,3,4,4,2,3,2,6,6,5,5,3,3,3,3,3,3,3,3
297,4,,1,1,51,2,8,,,8,,,7,0,40,8,0,4,2,4,2,2,4,2,4,2,2,5,5,5,5,5,5,4,4,4,4,2,2,4,4,4,2,4,2,6,6,6,6,,,,,,,,
298,6,1,1,2,35,2,8,,,2,0,10,2,0,50,3,0,3,1,3,2,2,4,3,3,3,6,5,5,7,5,5,6,3,2,2,3,4,5,1,1,1,5,5,5,6,5,5,4,4,3,4,2,1,4,2,3
299,6,1,1,2,30,2,7,16,0,7,16,0,7,0,30,0,30,5,5,5,5,5,5,1,5,5,5,1,1,1,1,1,1,5,5,5,5,5,1,5,5,5,5,5,1,5,5,5,5,1,1,1,1,1,1,5,1
300,6,,1,2,34,2,8,,,8,,,7,1,0,0,30,3,3,3,3,4,3,3,3,2,2,7,7,7,6,3,3,4,4,4,2,4,2,4,4,4,4,4,2,5,5,5,5,,,,,,,,
301,4,1,1,1,58,2,8,,,5,1,0,3,0,30,4,0,3,3,3,3,3,3,3,3,2,2,4,4,4,4,4,4,3,3,4,3,1,1,3,3,4,2,1,2,2,5,2,1,4,2,4,2,2,4,2,4
303,2,,1,1,35,2,7,0,30,7,0,30,7,1,0,3,0,5,2,4,1,2,5,1,5,7,7,1,1,1,1,1,1,5,4,5,4,1,1,5,4,5,4,4,1,7,6,6,6,,,,,,,,
304,12,1,1,1,55,2,8,,,8,,,8,,,5,0,3,3,3,3,3,3,3,3,4,4,5,5,5,5,5,5,3,3,3,3,3,3,3,3,3,3,3,3,4,4,4,4,3,3,3,3,3,3,3,3
305,16,,1,2,51,2,8,,,8,,,8,,,1,0,3,3,3,3,3,3,3,4,4,3,1,1,1,2,3,4,2,2,2,2,1,2,2,2,2,1,2,2,4,4,4,4,,,,,,,,
306,2,1,1,1,37,2,8,,,8,,,5,2,0,3,0,4,3,3,3,1,1,5,2,3,1,1,1,1,1,1,1,1,1,1,1,5,3,3,3,2,3,3,3,1,1,1,1,2,3,3,3,5,3,4,3
307,13,,1,2,24,2,8,,,8,,,8,,,5,0,3,4,3,3,3,3,4,3,3,4,5,5,6,4,4,4,3,4,3,3,3,3,3,3,3,4,3,3,4,4,4,4,,,,,,,,
308,7,1,1,2,49,2,8,,,8,,,5,0,30,1,30,3,3,3,3,3,3,3,3,3,3,4,4,4,4,4,4,3,3,3,3,3,3,3,3,3,3,3,3,3,3,3,3,3,3,3,3,3,3,3,3
309,7,,1,2,48,2,8,,,8,,,7,1,10,15,0,1,4,2,4,4,3,4,2,1,1,4,5,5,1,1,1,2,2,4,2,1,2,2,2,5,3,1,2,3,4,3,3,,,,,,,,
310,12,,1,1,56,2,8,,,8,,,8,,,3,0,1,5,2,2,5,1,5,1,1,1,2,3,4,2,3,2,2,2,1,2,1,5,1,2,2,2,1,5,2,3,2,3,,,,,,,,
311,2,,1,1,38,2,8,,,8,,,7,0,30,2,0,1,5,1,5,5,1,5,1,1,1,3,4,3,3,3,3,2,3,3,2,2,2,2,2,2,2,2,2,1,1,1,1,,,,,,,,
312,5,,1,2,26,2,8,,,8,,,2,2,0,11,0,4,2,3,3,1,5,1,2,2,1,7,7,7,5,5,4,5,3,3,4,1,1,5,4,5,2,1,1,2,2,2,1,,,,,,,,
313,10,1,1,1,39,2,8,,,8,,,8,,,5,0,3,3,3,3,4,2,4,2,4,4,5,5,5,5,5,5,2,2,2,2,2,2,1,1,1,1,1,1,4,4,4,4,4,3,3,3,2,3,4,3
314,3,1,1,1,46,2,4,0,50,3,2,0,2,1,0,3,0,3,4,3,4,2,3,2,3,3,3,4,4,4,4,4,4,3,3,3,3,2,2,3,3,4,3,3,3,5,5,5,5,3,4,3,4,2,3,3,2
315,8,1,1,2,54,2,8,,,3,3,0,8,,,6,0,1,4,4,1,2,3,3,3,2,2,6,6,6,6,6,6,3,3,3,2,2,2,3,2,4,2,2,1,5,5,5,5,1,4,3,4,3,1,4,2
316,5,1,1,2,28,2,2,1,0,1,1,0,1,1,0,1,0,3,3,2,3,3,3,3,3,4,4,3,3,3,3,3,3,3,3,2,4,3,3,3,3,3,4,4,3,4,4,5,4,3,3,3,4,3,3,3,3
317,2,1,1,1,37,2,8,,,1,0,30,5,0,30,2,0,3,3,3,3,2,4,2,3,3,2,4,5,5,4,4,4,3,3,3,3,2,2,3,3,4,3,2,2,3,3,3,3,3,3,3,3,2,4,3,3
318,5,,1,2,29,2,8,,,8,,,4,1,0,12,0,2,4,3,4,2,4,3,2,3,3,5,5,5,5,4,3,3,2,3,3,4,2,3,5,5,3,4,2,2,2,2,3,,,,,,,,
319,6,1,1,2,34,2,8,,,8,,,3,0,10,1,0,1,3,2,3,5,2,4,1,2,1,5,5,6,2,2,2,1,1,1,4,2,4,3,2,4,3,1,1,1,1,1,1,2,3,2,4,4,2,4,1
320,3,,1,1,41,2,7,1,0,3,1,30,2,3,0,7,0,4,3,3,3,3,3,3,2,5,5,1,1,1,1,1,1,4,4,5,5,4,1,4,4,5,4,3,1,6,5,4,3,,,,,,,,
321,4,,1,1,57,2,1,5,0,1,1,30,7,1,0,15,0,5,2,4,2,2,4,2,4,7,7,7,7,7,7,7,7,5,5,5,4,1,1,4,4,5,2,1,1,7,7,7,6,,,,,,,,
322,2,1,1,1,38,2,8,,,1,1,0,5,0,30,4,0,4,3,4,2,2,4,2,4,3,3,4,4,4,4,4,4,4,4,4,3,3,2,4,4,4,3,4,2,2,2,2,2,4,2,4,2,2,4,2,4
323,8,1,1,2,52,2,8,,,8,,,4,2,0,3,0,3,3,2,3,2,3,3,3,2,5,7,7,7,5,5,5,3,3,3,5,3,1,3,3,5,5,1,1,5,5,5,4,3,3,3,3,3,3,3,3
324,2,,1,1,35,2,8,,,8,,,3,0,20,0,30,1,4,2,4,5,2,4,2,1,1,4,3,2,2,3,3,2,1,2,2,2,2,2,1,4,3,2,2,5,3,4,4,,,,,,,,
325,6,1,1,2,37,2,8,,,8,,,7,2,0,1,0,4,4,4,4,3,3,3,3,3,3,3,3,3,3,3,3,4,4,4,4,4,4,4,4,4,4,4,4,3,3,3,3,4,3,3,3,3,3,3,3
326,16,,1,2,53,2,8,,,8,,,8,,,5,0,4,1,4,1,1,4,1,4,2,2,5,5,6,3,3,2,4,3,4,4,1,1,4,4,4,4,1,1,5,4,4,3,,,,,,,,
327,3,1,1,1,48,2,2,0,50,1,0,30,8,,,4,30,2,2,2,2,3,3,3,3,3,3,7,7,7,4,4,4,1,1,1,1,1,1,1,1,1,1,1,1,2,2,2,2,3,3,3,3,3,2,4,2
328,5,1,1,2,26,2,8,,,1,0,30,1,0,30,11,0,5,1,5,4,2,4,2,2,5,4,7,7,7,5,1,5,4,4,4,2,5,1,4,4,5,4,4,1,2,2,2,1,4,1,4,2,2,4,2,3
329,15,,1,2,45,2,8,,,8,,,8,,,2,30,3,3,3,3,3,3,3,3,4,4,5,5,5,3,3,3,2,2,2,2,2,3,2,2,2,2,2,2,3,3,3,3,,,,,,,,
330,4,,1,1,51,2,1,2,30,8,,,3,1,30,1,30,4,2,4,2,2,4,2,4,6,4,5,5,5,5,5,5,4,4,4,3,2,2,4,4,4,4,2,2,5,6,6,5,,,,,,,,
331,2,,1,1,35,2,7,2,30,7,1,0,7,1,0,5,0,3,3,2,3,3,3,2,3,4,3,5,4,4,5,4,6,3,2,3,4,3,2,2,3,4,3,3,3,4,5,5,4,,,,,,,,
332,2,,1,1,39,2,8,,,8,,,1,0,30,0,0,3,2,2,2,3,4,2,3,6,4,7,7,7,3,4,5,3,4,5,4,1,1,3,3,5,4,1,1,1,1,6,1,,,,,,,,
333,3,1,1,1,43,2,8,,,8,,,7,1,30,7,0,3,4,4,3,3,4,3,3,1,1,5,5,5,4,4,4,3,3,4,3,3,3,3,3,4,3,3,3,4,4,4,4,3,3,3,3,3,3,3,2
334,4,1,1,1,51,2,8,,,8,,,6,1,0,10,0,1,5,3,5,5,1,5,1,2,1,7,7,4,7,7,7,1,1,1,1,1,5,1,1,3,1,1,5,1,1,1,1,1,5,1,5,5,1,5,1
335,3,,1,1,42,2,2,1,30,8,,,2,0,30,5,0,4,3,3,3,3,4,3,3,5,5,4,4,4,5,5,5,3,3,4,2,3,2,4,3,2,3,4,3,4,5,4,4,,,,,,,,
337,13,1,1,2,26,2,8,,,8,,,8,,,8,0,4,3,4,4,4,3,2,4,4,4,4,3,5,5,4,4,4,2,4,3,4,3,2,4,3,3,4,3,4,3,4,3,4,4,3,3,4,3,3,3
338,12,1,1,1,58,2,8,,,8,,,8,,,5,0,3,3,3,3,3,3,3,3,1,1,4,4,4,2,2,2,3,3,3,3,3,3,3,3,3,3,3,3,4,4,4,4,1,1,1,1,1,1,1,1
339,14,1,1,2,35,2,8,,,8,,,8,,,8,0,4,2,4,3,4,4,1,2,1,1,6,6,6,6,6,6,5,3,4,4,4,5,4,4,5,5,4,4,1,1,1,1,4,2,4,1,3,4,1,3
341,14,1,1,2,39,2,8,,,8,,,8,,,5,30,3,3,3,3,3,3,3,3,1,1,5,5,5,6,6,6,2,2,2,2,2,3,2,2,3,3,2,2,4,4,4,4,2,3,3,3,3,3,3,3
342,12,,1,1,56,2,8,,,8,,,8,,,12,0,2,4,2,4,4,2,4,2,2,2,4,4,4,4,4,4,2,2,2,2,2,4,2,2,3,4,2,3,3,3,3,3,,,,,,,,
343,8,,1,2,52,2,1,1,0,1,1,0,3,0,30,6,0,3,3,4,2,2,3,3,4,6,6,6,6,6,6,6,6,4,4,4,1,1,1,4,4,4,1,1,1,2,5,5,6,,,,,,,,
344,15,,1,2,42,2,8,,,8,,,8,,,6,0,2,3,3,3,3,3,3,3,3,3,2,2,2,5,5,5,3,3,3,3,2,2,3,3,3,3,3,2,5,5,4,4,,,,,,,,
345,4,1,1,1,57,2,8,,,2,2,0,5,0,30,10,0,3,3,3,3,3,3,3,2,3,4,4,5,4,4,4,3,3,3,3,2,2,3,3,2,3,2,2,2,4,4,4,3,3,3,3,4,3,3,3,3
346,8,,1,2,56,2,8,,,8,,,2,3,0,0,0,2,4,2,4,4,2,4,2,1,1,5,5,5,1,1,1,4,3,4,3,4,4,3,3,3,4,4,4,5,4,4,3,,,,,,,,
347,15,,1,2,45,2,8,,,8,,,8,,,10,0,1,4,1,1,4,2,4,2,1,1,3,3,3,3,3,3,3,3,3,3,3,3,3,3,3,3,3,3,3,3,3,3,,,,,,,,
348,14,,1,2,38,2,8,,,8,,,8,,,1,0,3,3,3,4,4,4,4,4,1,1,3,4,4,3,7,5,3,3,4,5,3,3,4,3,3,3,4,4,5,4,4,5,,,,,,,,
349,4,1,1,1,50,2,8,,,8,,,1,0,40,11,0,3,3,3,3,4,3,3,3,4,3,5,4,4,5,4,4,2,3,3,3,3,2,3,3,3,3,3,3,4,4,4,4,3,4,2,3,3,3,3,2
350,14,,1,2,37,2,8,,,8,,,8,,,15,0,1,5,1,5,5,1,5,1,1,1,1,1,1,1,1,1,1,1,1,1,1,5,1,1,1,1,1,5,1,1,1,1,,,,,,,,
351,4,,1,1,56,2,8,,,8,,,3,1,0,12,0,3,3,3,3,3,3,3,3,3,3,3,3,3,4,4,4,3,3,2,3,3,3,3,2,3,2,2,2,3,3,3,3,,,,,,,,
352,8,,1,2,53,2,8,,,8,,,6,1,0,15,0,3,4,3,3,3,3,3,2,2,2,4,4,4,4,4,4,3,3,3,2,2,1,3,3,3,2,2,2,4,4,3,2,,,,,,,,
353,13,,1,2,26,2,8,,,8,,,8,,,7,30,3,3,3,3,3,3,3,3,3,3,5,5,5,5,5,5,3,3,3,3,3,3,3,3,3,3,3,3,3,3,3,3,,,,,,,,
354,7,,1,2,49,2,8,,,6,1,0,7,5,0,4,0,4,1,4,1,1,4,1,3,1,1,5,5,5,5,5,5,4,4,4,1,1,1,4,4,4,4,4,1,6,6,6,6,,,,,,,,
355,7,1,1,2,48,2,8,,,7,2,0,4,0,50,4,0,3,3,3,3,3,3,3,3,7,7,5,5,5,5,5,5,3,3,3,2,2,2,3,3,3,2,3,2,3,3,3,3,4,3,3,3,2,4,2,4
356,10,,1,1,30,2,8,,,8,,,8,,,8,0,1,5,1,5,5,1,5,1,1,1,4,4,4,4,4,4,1,1,1,1,1,1,1,1,1,1,1,1,1,1,1,1,,,,,,,,
357,8,,1,2,51,2,8,,,8,,,4,1,30,6,0,2,4,2,4,3,3,3,2,6,5,5,5,5,4,4,4,3,3,3,3,2,2,3,2,4,2,2,1,4,4,4,4,,,,,,,,
358,5,1,1,2,25,2,8,,,8,,,5,0,20,10,0,4,2,2,2,2,4,2,2,2,2,5,5,5,5,5,3,4,3,3,2,2,2,3,2,4,2,3,2,5,3,2,3,4,2,3,2,2,4,2,3
359,7,1,1,2,47,2,8,,,8,,,5,1,0,0,0,1,1,1,1,1,1,1,1,1,1,1,1,1,1,1,1,1,1,1,1,3,4,1,1,3,2,1,2,1,1,1,1,1,5,1,4,5,1,5,1
360,8,1,1,2,55,2,1,1,0,1,0,10,7,2,0,10,0,4,2,4,1,2,4,2,4,7,6,7,7,7,7,7,5,5,4,4,4,2,1,5,4,5,4,2,1,7,7,7,7,4,1,3,1,1,5,1,5
361,4,,1,1,58,2,7,1,0,8,,,7,1,0,4,0,3,3,3,3,3,3,3,3,6,6,6,6,6,4,4,4,3,4,4,4,1,1,4,3,4,4,1,1,5,5,5,5,,,,,,,,
363,14,1,1,2,32,2,8,,,8,,,8,,,0,20,2,4,2,4,5,2,3,3,1,1,5,5,5,3,3,3,2,2,2,2,2,2,2,2,4,2,3,2,1,1,1,1,3,4,2,3,3,3,4,3
365,8,,1,2,57,2,8,,,8,,,4,1,30,5,0,2,4,2,4,5,1,4,1,1,2,4,4,2,2,2,2,2,2,2,1,2,3,1,1,2,1,1,3,2,2,2,2,,,,,,,,
366,7,,1,2,49,2,8,,,8,,,5,1,0,8,0,1,3,3,3,3,3,4,2,1,1,1,1,1,1,1,1,3,3,3,3,3,3,3,3,3,3,3,3,3,3,3,3,,,,,,,,
367,15,1,1,2,43,2,8,,,8,,,8,,,1,30,1,4,3,4,4,1,4,1,1,1,1,1,1,1,1,1,1,1,5,5,5,1,1,5,5,5,5,1,1,1,1,1,1,1,5,5,5,1,5,1
368,14,,1,2,39,2,8,,,8,,,8,,,0,40,1,2,2,3,4,1,4,1,1,1,2,3,4,2,3,2,2,2,1,2,2,3,2,2,4,1,1,2,1,1,1,1,,,,,,,,
369,14,,1,2,34,2,8,,,8,,,8,,,2,0,1,5,1,1,5,1,4,1,2,1,7,7,7,1,1,1,1,1,4,1,1,1,1,1,1,1,1,1,1,1,1,1,,,,,,,,
370,5,1,1,2,27,2,8,,,8,,,2,0,30,6,30,2,4,2,4,2,2,4,3,2,2,7,7,7,2,5,4,3,3,3,2,1,1,2,3,5,2,1,1,1,1,1,1,2,4,4,4,2,3,3,2
371,5,,1,2,25,2,8,,,1,0,20,4,0,30,12,0,2,2,2,2,2,3,2,3,3,3,5,5,5,6,5,3,3,3,3,4,1,2,3,3,3,3,3,2,4,4,4,4,,,,,,,,
372,4,,1,1,53,2,1,3,0,3,0,10,2,0,10,10,0,5,1,4,1,1,5,1,4,6,6,5,6,6,7,7,6,5,5,5,5,1,1,5,5,5,2,1,1,2,1,5,5,,,,,,,,
373,4,,1,1,52,2,8,,,8,,,7,0,30,4,0,3,3,4,3,2,4,2,3,2,2,5,5,5,5,5,5,3,3,4,2,1,1,3,3,4,2,2,2,5,5,5,5,,,,,,,,
374,5,1,1,2,26,2,8,,,3,0,30,3,0,30,5,0,2,2,4,2,2,4,3,4,5,5,6,5,6,6,6,4,4,4,4,4,2,2,4,3,4,4,3,2,2,2,2,2,4,2,4,4,2,4,3,4
375,5,,1,2,23,2,8,,,8,,,5,2,0,6,0,2,3,2,3,4,3,3,2,3,3,4,4,4,4,4,4,2,2,2,2,2,4,2,2,2,2,2,2,3,3,3,3,,,,,,,,
376,7,,1,2,40,2,8,,,8,,,3,0,10,2,0,3,3,3,3,3,3,3,3,3,3,5,6,5,5,5,5,3,4,3,3,3,3,3,4,3,3,3,3,4,4,4,4,,,,,,,,
377,14,,1,2,36,2,8,,,8,,,8,,,5,0,1,4,1,4,4,2,4,2,1,1,1,1,1,1,1,1,2,2,2,2,2,5,2,2,2,2,2,4,1,1,1,1,,,,,,,,
378,12,,1,1,51,2,8,,,8,,,8,,,5,0,2,4,2,4,4,2,4,2,2,2,5,5,5,3,4,3,2,2,2,2,2,3,2,2,4,4,2,2,2,2,2,2,,,,,,,,
379,5,,1,2,27,2,8,,,8,,,1,0,30,10,0,1,5,1,5,5,1,5,1,1,1,5,5,5,4,4,3,1,1,1,2,1,5,1,1,2,2,1,2,5,3,5,2,,,,,,,,
380,15,,1,2,41,2,8,,,8,,,8,,,10,0,3,3,3,3,3,3,3,3,4,4,4,4,4,4,4,4,3,3,3,3,3,3,3,3,3,3,3,3,4,4,4,4,,,,,,,,
381,5,,1,2,20,2,8,,,8,,,6,5,0,5,0,3,3,3,3,3,3,3,3,5,5,5,5,5,5,4,5,3,3,3,3,3,3,3,3,3,3,3,3,4,4,4,4,,,,,,,,
382,15,,1,2,45,2,8,,,8,,,8,,,15,0,1,4,1,5,5,2,5,1,1,1,5,6,7,3,2,1,2,1,3,4,1,1,2,3,5,4,3,2,1,2,2,1,,,,,,,,
383,14,1,1,2,33,2,8,,,8,,,8,,,12,0,1,5,1,5,5,1,5,1,1,1,2,2,2,1,1,1,1,1,3,3,3,1,1,1,3,3,2,1,1,1,1,1,4,4,4,4,5,5,5,5
384,12,,1,1,58,2,8,,,8,,,8,,,10,0,3,3,3,3,3,3,3,3,1,1,4,4,4,4,4,4,3,3,3,3,3,3,3,3,3,3,3,3,4,4,4,4,,,,,,,,
385,7,,1,2,44,2,8,,,2,0,20,5,0,40,4,0,2,3,4,3,3,4,3,3,3,3,5,6,5,4,4,4,3,3,3,2,2,2,3,4,5,5,4,2,3,2,3,3,,,,,,,,
386,7,,1,2,41,2,8,,,8,,,2,2,10,5,30,4,3,3,2,2,4,3,2,3,3,4,4,4,4,5,5,3,4,4,1,1,2,4,3,4,4,2,2,3,6,5,3,,,,,,,,
387,7,,1,2,45,2,8,,,8,,,6,0,30,10,0,4,2,4,2,3,4,3,4,3,3,4,4,5,5,5,4,4,2,4,2,2,2,4,4,4,2,2,2,2,5,5,4,,,,,,,,
388,7,,1,2,43,2,8,,,8,,,3,6,0,8,0,1,4,1,4,5,1,5,1,1,1,1,1,1,1,1,1,1,1,1,1,1,5,1,1,1,1,1,5,1,1,1,1,,,,,,,,
389,15,,1,2,45,2,8,,,8,,,8,,,12,30,1,1,1,5,5,1,5,1,1,1,1,1,1,1,1,1,3,3,3,3,3,3,3,3,3,3,3,3,3,3,3,3,,,,,,,,
390,16,,1,2,57,2,8,,,8,,,8,,,9,0,3,2,3,2,2,4,2,3,2,1,6,6,6,5,4,5,3,3,4,1,1,1,3,2,4,1,1,1,1,1,1,1,,,,,,,,
391,7,1,1,2,47,2,4,1,0,4,1,0,7,0,20,6,0,1,1,1,1,3,3,3,3,4,4,4,4,4,4,4,4,3,3,3,3,3,2,2,3,3,3,3,3,4,4,4,4,3,3,3,3,3,3,3,3
392,7,,1,2,45,2,8,,,8,,,4,0,30,6,30,3,4,3,4,3,3,4,2,1,1,6,6,7,2,4,3,4,3,4,2,2,3,3,3,4,3,4,2,2,1,1,2,,,,,,,,
393,15,1,1,2,42,2,8,,,8,,,8,,,6,0,5,4,4,4,5,4,4,3,3,3,5,4,4,2,4,3,2,4,3,3,3,2,4,4,3,3,3,3,3,3,3,3,2,2,3,4,4,3,3,3
394,15,,1,2,43,2,8,,,8,,,8,,,0,30,2,3,3,3,2,3,2,3,1,1,3,5,4,5,4,5,5,3,4,3,5,3,2,2,4,4,2,4,5,3,5,4,,,,,,,,
395,16,,1,2,52,2,8,,,8,,,8,,,7,0,1,3,2,3,4,3,4,1,1,1,3,3,3,3,3,3,1,1,1,1,1,4,1,1,3,1,1,3,1,1,1,1,,,,,,,,
396,16,,1,2,52,2,8,,,8,,,8,,,0,30,2,4,3,4,3,2,4,2,1,1,4,2,3,2,3,1,1,2,2,4,4,4,4,4,4,4,3,2,2,4,3,2,,,,,,,,
397,15,,1,2,48,2,8,,,8,,,8,,,10,0,2,5,2,3,4,2,5,2,1,1,4,5,5,4,4,4,2,2,2,2,2,3,2,2,4,2,2,2,2,2,2,2,,,,,,,,
398,16,,1,2,52,2,8,,,8,,,8,,,6,0,1,3,2,3,3,1,3,1,1,1,7,7,7,4,4,4,1,1,3,1,1,1,1,1,5,3,1,1,7,5,7,7,,,,,,,,
399,16,1,1,2,52,2,8,,,8,,,8,,,8,0,1,4,1,3,3,3,3,3,4,4,5,5,5,5,5,5,3,3,3,3,3,3,3,3,3,3,3,3,3,3,3,3,4,3,2,3,3,3,4,3
400,16,,1,2,56,2,8,,,8,,,8,,,7,0,3,3,3,3,3,3,3,3,1,1,6,6,6,3,3,3,3,3,3,3,3,3,3,3,3,3,3,3,4,4,4,4,,,,,,,,
401,5,,1,2,27,2,8,,,7,1,30,5,1,0,6,0,4,3,4,4,2,4,3,2,2,1,3,3,5,4,5,3,4,3,3,4,4,2,3,2,4,4,4,2,4,3,3,3,,,,,,,,
402,6,1,1,2,34,2,1,1,0,8,,,2,1,0,5,0,4,2,4,1,1,4,1,4,4,4,6,6,7,7,7,7,5,5,5,3,3,1,5,5,5,2,3,1,6,6,6,6,5,3,4,2,1,5,1,4
403,7,1,1,2,43,2,3,3,0,2,1,0,5,1,0,1,0,4,3,3,3,3,3,4,3,5,5,6,6,6,5,5,4,4,3,3,3,4,2,3,3,4,3,3,2,3,4,3,4,2,3,2,3,3,2,3,3
404,3,1,1,1,48,2,8,,,8,,,5,1,0,16,0,2,4,2,4,4,2,4,2,2,2,5,5,5,3,4,3,2,2,3,2,2,3,3,2,4,4,2,2,2,2,2,2,2,4,2,4,4,2,4,2
405,3,1,1,1,45,2,6,1,30,6,1,0,6,0,30,8,0,3,2,4,2,2,4,2,5,7,7,5,5,5,5,5,4,4,4,4,3,1,1,2,4,5,4,1,1,2,3,1,1,4,2,3,2,2,3,2,5
406,4,,1,1,58,2,2,1,30,8,,,5,0,30,10,0,4,2,3,2,3,4,2,3,2,2,4,5,5,5,5,5,3,3,4,3,2,2,4,3,4,3,2,2,4,5,5,4,,,,,,,,
407,7,1,1,2,45,2,8,,,8,,,6,2,0,5,0,1,5,1,1,5,1,5,1,1,1,5,5,5,2,2,2,1,1,1,1,1,1,1,1,1,1,1,3,1,1,1,1,1,5,1,5,5,1,5,1
408,5,1,1,2,27,2,8,,,8,,,1,0,10,5,0,1,1,1,1,5,1,5,1,1,1,5,5,5,3,3,3,1,1,1,1,1,1,1,1,1,1,1,1,2,2,2,2,1,1,1,1,5,1,1,1
409,4,1,1,1,55,2,8,,,8,,,5,1,0,3,0,3,3,3,3,3,3,3,3,3,3,3,3,3,3,3,3,3,3,3,3,3,3,4,3,3,3,3,3,4,3,3,3,3,3,3,3,3,3,3,3
410,2,1,1,1,37,2,3,0,20,2,0,20,7,1,0,12,30,4,3,4,2,2,4,1,4,7,7,6,6,6,7,7,7,4,4,4,4,2,2,4,4,4,2,4,1,7,6,6,6,4,2,3,3,3,3,2,3
411,5,,1,2,20,2,8,,,8,,,4,2,0,2,0,1,1,1,1,1,1,1,1,1,1,5,5,5,5,6,6,5,4,5,5,5,4,5,5,5,4,4,5,1,1,1,1,,,,,,,,
412,4,1,1,1,50,2,8,,,3,0,50,3,0,50,6,0,3,2,3,3,3,4,2,3,2,3,5,6,6,5,5,4,3,3,4,3,2,1,3,3,5,3,2,1,4,5,5,4,3,2,4,3,3,4,2,3
413,7,1,1,2,46,2,3,0,40,4,0,30,4,0,40,2,30,2,3,2,2,3,3,3,2,5,5,5,5,5,5,4,5,3,4,4,3,2,3,2,3,4,3,3,2,5,5,5,6,4,5,3,4,2,3,3,3